{"$type":"System.Collections.Generic.List`1[[Sitecore.Commerce.Plugin.Catalog.Category, Sitecore.Commerce.Plugin.Catalog]], mscorlib","$values":[{"$type":"Sitecore.Commerce.Plugin.Catalog.Category, Sitecore.Commerce.Plugin.Catalog","Description":"Catalog Section for Shirts","SitecoreId":"4563617d-3547-eeb4-8a51-75bd1c476bae","ParentCatalogList":"6341f64d-8213-fdda-402e-df49207158a4","ParentCategoryList":"7e75f9d5-312d-0a20-64a5-a87cb7b1c384","ChildrenSellableItemList":"4e24821f-7c22-b481-445d-93b63e0f6d44|e5d1dfb1-5b31-0832-be0a-dfbd4ef98d85|b35e3355-9cce-c85a-ce8e-2bafe7fa500a|99bc5a94-4457-c6f8-1898-ec98608cf333","IsBundle":false,"Components":{"$type":"System.Collections.Generic.List`1[[Sitecore.Commerce.Core.Component, Sitecore.Commerce.Core]], mscorlib","$values":[{"$type":"Sitecore.Commerce.Plugin.Catalog.CatalogsComponent, Sitecore.Commerce.Plugin.Catalog","Id":"3c455a66e92f4a90be813c6ddb5b2e79","Name":"","Comments":"","Policies":{"$type":"System.Collections.Generic.List`1[[Sitecore.Commerce.Core.Policy, Sitecore.Commerce.Core]], mscorlib","$values":[]},"ChildComponents":{"$type":"System.Collections.Generic.List`1[[Sitecore.Commerce.Core.Component, Sitecore.Commerce.Core]], mscorlib","$values":[{"$type":"Sitecore.Commerce.Plugin.Catalog.CatalogComponent, Sitecore.Commerce.Plugin.Catalog","ItemDefinition":"","Id":"c1aeecf98b194763a16870db2351b7e7","Name":"Adventure Works Catalog","Comments":"","Policies":{"$type":"System.Collections.Generic.List`1[[Sitecore.Commerce.Core.Policy, Sitecore.Commerce.Core]], mscorlib","$values":[]},"ChildComponents":{"$type":"System.Collections.Generic.List`1[[Sitecore.Commerce.Core.Component, Sitecore.Commerce.Core]], mscorlib","$values":[]}}]}},{"$type":"Sitecore.Commerce.Core.MessagesComponent, Sitecore.Commerce.Core","Messages":{"$type":"System.Collections.Generic.List`1[[Sitecore.Commerce.Core.MessageModel, Sitecore.Commerce.Core]], mscorlib","$values":[{"$type":"Sitecore.Commerce.Core.MessageModel, Sitecore.Commerce.Core","Code":"MigrationMessage","Text":"Migrated from category with name='Shirts' in catalog 'Adventure Works Catalog'","Id":"83b3a837f9114a51917d411d132936d1"}]},"Id":"3d7d677acee54cad95ed4cc4eeea156d","Name":"","Comments":"","Policies":{"$type":"System.Collections.Generic.List`1[[Sitecore.Commerce.Core.Policy, Sitecore.Commerce.Core]], mscorlib","$values":[]},"ChildComponents":{"$type":"System.Collections.Generic.List`1[[Sitecore.Commerce.Core.Component, Sitecore.Commerce.Core]], mscorlib","$values":[]}}]},"DateCreated":"2019-05-16T14:09:29.6646015+00:00","DateUpdated":"2016-11-01T18:27:32+00:00","DisplayName":"Shirts","FriendlyId":"Adventure Works Catalog-Shirts","Id":"Entity-Category-Adventure Works Catalog-Shirts","Version":0,"EntityVersion":1,"Published":true,"IsPersisted":false,"Name":"Shirts","UniqueId":"00000000-0000-0000-0000-000000000000","Policies":{"$type":"System.Collections.Generic.List`1[[Sitecore.Commerce.Core.Policy, Sitecore.Commerce.Core]], mscorlib","$values":[]}},{"$type":"Sitecore.Commerce.Plugin.Catalog.Category, Sitecore.Commerce.Plugin.Catalog","Description":"Catalog Section for Supplies","SitecoreId":"a289444d-11c5-05c6-5a1d-d7b6d7289ea6","ParentCatalogList":"6341f64d-8213-fdda-402e-df49207158a4","ParentCategoryList":"7e75f9d5-312d-0a20-64a5-a87cb7b1c384","ChildrenCategoryList":"00cf376f-88b4-0369-7c37-83471da861f1","ChildrenSellableItemList":"24bc4fd2-82ba-6fd4-368f-274d3885ebbd","IsBundle":false,"Components":{"$type":"System.Collections.Generic.List`1[[Sitecore.Commerce.Core.Component, Sitecore.Commerce.Core]], mscorlib","$values":[{"$type":"Sitecore.Commerce.Plugin.Catalog.CatalogsComponent, Sitecore.Commerce.Plugin.Catalog","Id":"54d2c1c9acd842bf86e671f07f57a64b","Name":"","Comments":"","Policies":{"$type":"System.Collections.Generic.List`1[[Sitecore.Commerce.Core.Policy, Sitecore.Commerce.Core]], mscorlib","$values":[]},"ChildComponents":{"$type":"System.Collections.Generic.List`1[[Sitecore.Commerce.Core.Component, Sitecore.Commerce.Core]], mscorlib","$values":[{"$type":"Sitecore.Commerce.Plugin.Catalog.CatalogComponent, Sitecore.Commerce.Plugin.Catalog","ItemDefinition":"","Id":"1ee8b5673826401d9f9cc600bdbfd117","Name":"Adventure Works Catalog","Comments":"","Policies":{"$type":"System.Collections.Generic.List`1[[Sitecore.Commerce.Core.Policy, Sitecore.Commerce.Core]], mscorlib","$values":[]},"ChildComponents":{"$type":"System.Collections.Generic.List`1[[Sitecore.Commerce.Core.Component, Sitecore.Commerce.Core]], mscorlib","$values":[]}}]}},{"$type":"Sitecore.Commerce.Core.MessagesComponent, Sitecore.Commerce.Core","Messages":{"$type":"System.Collections.Generic.List`1[[Sitecore.Commerce.Core.MessageModel, Sitecore.Commerce.Core]], mscorlib","$values":[{"$type":"Sitecore.Commerce.Core.MessageModel, Sitecore.Commerce.Core","Code":"MigrationMessage","Text":"Migrated from category with name='Supplies' in catalog 'Adventure Works Catalog'","Id":"76154dca6a1b4f5a843bbce3346392b5"}]},"Id":"edbff3a8e5b041f2b7b207a70d92125e","Name":"","Comments":"","Policies":{"$type":"System.Collections.Generic.List`1[[Sitecore.Commerce.Core.Policy, Sitecore.Commerce.Core]], mscorlib","$values":[]},"ChildComponents":{"$type":"System.Collections.Generic.List`1[[Sitecore.Commerce.Core.Component, Sitecore.Commerce.Core]], mscorlib","$values":[]}}]},"DateCreated":"2019-05-16T14:09:29.6646015+00:00","DateUpdated":"2016-11-01T18:27:32+00:00","DisplayName":"Supplies","FriendlyId":"Adventure Works Catalog-Supplies","Id":"Entity-Category-Adventure Works Catalog-Supplies","Version":0,"EntityVersion":1,"Published":true,"IsPersisted":false,"Name":"Supplies","UniqueId":"00000000-0000-0000-0000-000000000000","Policies":{"$type":"System.Collections.Generic.List`1[[Sitecore.Commerce.Core.Policy, Sitecore.Commerce.Core]], mscorlib","$values":[]}},{"$type":"Sitecore.Commerce.Plugin.Catalog.Category, Sitecore.Commerce.Plugin.Catalog","Description":"Catalog Section for Stoves","SitecoreId":"00cf376f-88b4-0369-7c37-83471da861f1","ParentCatalogList":"6341f64d-8213-fdda-402e-df49207158a4","ParentCategoryList":"a289444d-11c5-05c6-5a1d-d7b6d7289ea6","ChildrenSellableItemList":"3b5927b2-df63-8275-f724-52acae09fdc5|2237223f-19ed-3ad6-e70f-d10f3e91401f","IsBundle":false,"Components":{"$type":"System.Collections.Generic.List`1[[Sitecore.Commerce.Core.Component, Sitecore.Commerce.Core]], mscorlib","$values":[{"$type":"Sitecore.Commerce.Plugin.Catalog.CatalogsComponent, Sitecore.Commerce.Plugin.Catalog","Id":"84fe6c44a8554cba8d5aa3cd8855eb8e","Name":"","Comments":"","Policies":{"$type":"System.Collections.Generic.List`1[[Sitecore.Commerce.Core.Policy, Sitecore.Commerce.Core]], mscorlib","$values":[]},"ChildComponents":{"$type":"System.Collections.Generic.List`1[[Sitecore.Commerce.Core.Component, Sitecore.Commerce.Core]], mscorlib","$values":[{"$type":"Sitecore.Commerce.Plugin.Catalog.CatalogComponent, Sitecore.Commerce.Plugin.Catalog","ItemDefinition":"","Id":"1bfe97941a0046b2bc0b73229a314654","Name":"Adventure Works Catalog","Comments":"","Policies":{"$type":"System.Collections.Generic.List`1[[Sitecore.Commerce.Core.Policy, Sitecore.Commerce.Core]], mscorlib","$values":[]},"ChildComponents":{"$type":"System.Collections.Generic.List`1[[Sitecore.Commerce.Core.Component, Sitecore.Commerce.Core]], mscorlib","$values":[]}}]}},{"$type":"Sitecore.Commerce.Core.MessagesComponent, Sitecore.Commerce.Core","Messages":{"$type":"System.Collections.Generic.List`1[[Sitecore.Commerce.Core.MessageModel, Sitecore.Commerce.Core]], mscorlib","$values":[{"$type":"Sitecore.Commerce.Core.MessageModel, Sitecore.Commerce.Core","Code":"MigrationMessage","Text":"Migrated from category with name='Stoves' in catalog 'Adventure Works Catalog'","Id":"074cd423e253431f852d5a3bfcab8e06"}]},"Id":"ef0446bd3ba5481586552eec295b8467","Name":"","Comments":"","Policies":{"$type":"System.Collections.Generic.List`1[[Sitecore.Commerce.Core.Policy, Sitecore.Commerce.Core]], mscorlib","$values":[]},"ChildComponents":{"$type":"System.Collections.Generic.List`1[[Sitecore.Commerce.Core.Component, Sitecore.Commerce.Core]], mscorlib","$values":[]}}]},"DateCreated":"2019-05-16T14:09:29.6646015+00:00","DateUpdated":"2016-11-01T18:27:30+00:00","DisplayName":"Stoves","FriendlyId":"Adventure Works Catalog-Stoves","Id":"Entity-Category-Adventure Works Catalog-Stoves","Version":0,"EntityVersion":1,"Published":true,"IsPersisted":false,"Name":"Stoves","UniqueId":"00000000-0000-0000-0000-000000000000","Policies":{"$type":"System.Collections.Generic.List`1[[Sitecore.Commerce.Core.Policy, Sitecore.Commerce.Core]], mscorlib","$values":[]}},{"$type":"Sitecore.Commerce.Plugin.Catalog.Category, Sitecore.Commerce.Plugin.Catalog","Description":"Top","SitecoreId":"7e75f9d5-312d-0a20-64a5-a87cb7b1c384","CatalogToEntityList":"6341f64d-8213-fdda-402e-df49207158a4","ParentCatalogList":"6341f64d-8213-fdda-402e-df49207158a4","ChildrenCategoryList":"a701a47f-c2ca-9010-de30-c48effdfe0aa|1f3e0a83-cc35-35ed-fe1c-26cd556624a6|b340f7b7-dbbb-b726-30bd-6a2c27d63458|5644605c-3c46-abca-95a1-621ddcd65354|a1206896-a394-3c8f-a184-73aaf115660d|5c0ea015-965c-a355-467f-f0417ab86bf6|ebc27e08-18c9-fd42-3222-fac8cdc2b0b3|ae6681db-9e53-809c-2de9-6199c90adb3b|956fcfd0-ad63-bba6-0f6b-63aebf6a360a|0cad3e82-2405-f589-6397-9500f85761fb|4563617d-3547-eeb4-8a51-75bd1c476bae|a289444d-11c5-05c6-5a1d-d7b6d7289ea6|f3ffa386-927e-19ac-0c6a-cbca545710ec","ChildrenSellableItemList":"969f16d0-d94a-198b-80c7-9fe7f20b8de6","IsBundle":false,"Components":{"$type":"System.Collections.Generic.List`1[[Sitecore.Commerce.Core.Component, Sitecore.Commerce.Core]], mscorlib","$values":[{"$type":"Sitecore.Commerce.Plugin.Catalog.CatalogsComponent, Sitecore.Commerce.Plugin.Catalog","Id":"190f18dfadd64783902d78fe758e4a6a","Name":"","Comments":"","Policies":{"$type":"System.Collections.Generic.List`1[[Sitecore.Commerce.Core.Policy, Sitecore.Commerce.Core]], mscorlib","$values":[]},"ChildComponents":{"$type":"System.Collections.Generic.List`1[[Sitecore.Commerce.Core.Component, Sitecore.Commerce.Core]], mscorlib","$values":[{"$type":"Sitecore.Commerce.Plugin.Catalog.CatalogComponent, Sitecore.Commerce.Plugin.Catalog","ItemDefinition":"","Id":"b7f23058ebfc44c1ae7d4d126260270c","Name":"Adventure Works Catalog","Comments":"","Policies":{"$type":"System.Collections.Generic.List`1[[Sitecore.Commerce.Core.Policy, Sitecore.Commerce.Core]], mscorlib","$values":[]},"ChildComponents":{"$type":"System.Collections.Generic.List`1[[Sitecore.Commerce.Core.Component, Sitecore.Commerce.Core]], mscorlib","$values":[]}}]}},{"$type":"Sitecore.Commerce.Core.MessagesComponent, Sitecore.Commerce.Core","Messages":{"$type":"System.Collections.Generic.List`1[[Sitecore.Commerce.Core.MessageModel, Sitecore.Commerce.Core]], mscorlib","$values":[{"$type":"Sitecore.Commerce.Core.MessageModel, Sitecore.Commerce.Core","Code":"MigrationMessage","Text":"Migrated from category with name='Departments' in catalog 'Adventure Works Catalog'","Id":"76fb4fe49bc9455d9325480fada21667"}]},"Id":"1f6d8f9afa444244bec8364f2eea3e3e","Name":"","Comments":"","Policies":{"$type":"System.Collections.Generic.List`1[[Sitecore.Commerce.Core.Policy, Sitecore.Commerce.Core]], mscorlib","$values":[]},"ChildComponents":{"$type":"System.Collections.Generic.List`1[[Sitecore.Commerce.Core.Component, Sitecore.Commerce.Core]], mscorlib","$values":[]}}]},"DateCreated":"2019-05-16T14:09:29.7456078+00:00","DateUpdated":"2014-04-22T15:38:36+00:00","DisplayName":"Departments","FriendlyId":"Adventure Works Catalog-Departments","Id":"Entity-Category-Adventure Works Catalog-Departments","Version":0,"EntityVersion":1,"Published":true,"IsPersisted":false,"Name":"Departments","UniqueId":"00000000-0000-0000-0000-000000000000","Policies":{"$type":"System.Collections.Generic.List`1[[Sitecore.Commerce.Core.Policy, Sitecore.Commerce.Core]], mscorlib","$values":[]}},{"$type":"Sitecore.Commerce.Plugin.Catalog.Category, Sitecore.Commerce.Plugin.Catalog","Description":"Featured Products","SitecoreId":"fc63c52f-2f4a-c6f6-2c0e-32ee86b028c7","CatalogToEntityList":"6341f64d-8213-fdda-402e-df49207158a4","ParentCatalogList":"6341f64d-8213-fdda-402e-df49207158a4","ChildrenSellableItemList":"dd7fea25-c1b0-0706-84be-0b7b848bb6df|041c2487-bbaa-b716-07f9-7cadb72b82c4|b7222cd3-e42c-bf73-2d6f-0e5fa3d419c9|af7a0f31-6bca-6239-7aab-0d44e973448f","IsBundle":false,"Components":{"$type":"System.Collections.Generic.List`1[[Sitecore.Commerce.Core.Component, Sitecore.Commerce.Core]], mscorlib","$values":[{"$type":"Sitecore.Commerce.Plugin.Catalog.CatalogsComponent, Sitecore.Commerce.Plugin.Catalog","Id":"56068389935a4d05a02b75f94695c302","Name":"","Comments":"","Policies":{"$type":"System.Collections.Generic.List`1[[Sitecore.Commerce.Core.Policy, Sitecore.Commerce.Core]], mscorlib","$values":[]},"ChildComponents":{"$type":"System.Collections.Generic.List`1[[Sitecore.Commerce.Core.Component, Sitecore.Commerce.Core]], mscorlib","$values":[{"$type":"Sitecore.Commerce.Plugin.Catalog.CatalogComponent, Sitecore.Commerce.Plugin.Catalog","ItemDefinition":"","Id":"721ab3a7caef4cddaaef4ba0a667a6af","Name":"Adventure Works Catalog","Comments":"","Policies":{"$type":"System.Collections.Generic.List`1[[Sitecore.Commerce.Core.Policy, Sitecore.Commerce.Core]], mscorlib","$values":[]},"ChildComponents":{"$type":"System.Collections.Generic.List`1[[Sitecore.Commerce.Core.Component, Sitecore.Commerce.Core]], mscorlib","$values":[]}}]}},{"$type":"Sitecore.Commerce.Core.MessagesComponent, Sitecore.Commerce.Core","Messages":{"$type":"System.Collections.Generic.List`1[[Sitecore.Commerce.Core.MessageModel, Sitecore.Commerce.Core]], mscorlib","$values":[{"$type":"Sitecore.Commerce.Core.MessageModel, Sitecore.Commerce.Core","Code":"MigrationMessage","Text":"Migrated from category with name='FeaturedProducts' in catalog 'Adventure Works Catalog'","Id":"b283122d4767492ab166673041167036"}]},"Id":"01ecba63a1a3490184464f3a9bf2326c","Name":"","Comments":"","Policies":{"$type":"System.Collections.Generic.List`1[[Sitecore.Commerce.Core.Policy, Sitecore.Commerce.Core]], mscorlib","$values":[]},"ChildComponents":{"$type":"System.Collections.Generic.List`1[[Sitecore.Commerce.Core.Component, Sitecore.Commerce.Core]], mscorlib","$values":[]}}]},"DateCreated":"2019-05-16T14:09:29.7456078+00:00","DateUpdated":"2014-04-22T15:38:36+00:00","DisplayName":"Featured Products","FriendlyId":"Adventure Works Catalog-FeaturedProducts","Id":"Entity-Category-Adventure Works Catalog-FeaturedProducts","Version":0,"EntityVersion":1,"Published":true,"IsPersisted":false,"Name":"FeaturedProducts","UniqueId":"00000000-0000-0000-0000-000000000000","Policies":{"$type":"System.Collections.Generic.List`1[[Sitecore.Commerce.Core.Policy, Sitecore.Commerce.Core]], mscorlib","$values":[]}},{"$type":"Sitecore.Commerce.Plugin.Catalog.Category, Sitecore.Commerce.Plugin.Catalog","Description":"SaleItems","SitecoreId":"f3ffa386-927e-19ac-0c6a-cbca545710ec","ParentCatalogList":"6341f64d-8213-fdda-402e-df49207158a4","ParentCategoryList":"7e75f9d5-312d-0a20-64a5-a87cb7b1c384","ChildrenSellableItemList":"dd7fea25-c1b0-0706-84be-0b7b848bb6df|3296b289-7869-2f39-d335-98b21a0cb5af|6ec98285-3556-cd55-65d1-72252be34af5|042b7b6f-4d7a-74dc-6ead-89b7109368e0|c9267501-934d-67d6-28c3-1fd2d22c2957|922ae963-5f3e-7cb2-84ee-48fb5d2ea182|041c2487-bbaa-b716-07f9-7cadb72b82c4|0414046c-50d4-3362-dd04-7e48fc417ade|b74a65b7-9b97-19fd-247c-abbda23c6dd6|80cdcf4d-837d-5001-0921-48adbc63d2b4|4991ebac-6cbc-8e6d-9748-a624f7947b01|b095e573-7439-4764-06eb-11a4aea2b9ca|b7222cd3-e42c-bf73-2d6f-0e5fa3d419c9|af7a0f31-6bca-6239-7aab-0d44e973448f|501b4165-6f91-8e43-3aa2-cc6fc12d5148|6ba6bd3f-84ae-68bd-5674-6987a357512c|ba87f5f6-939c-3f47-ea6d-cb30af27306d|896ddb54-8a84-ecf0-9270-770f439a0173|b5173174-e655-51ff-eda7-940431d58aac|1caa00fd-57ae-d8e3-459b-600a00979cb8","IsBundle":false,"Components":{"$type":"System.Collections.Generic.List`1[[Sitecore.Commerce.Core.Component, Sitecore.Commerce.Core]], mscorlib","$values":[{"$type":"Sitecore.Commerce.Plugin.Catalog.CatalogsComponent, Sitecore.Commerce.Plugin.Catalog","Id":"e27eb8a31eb24d7fad5d423a3e768375","Name":"","Comments":"","Policies":{"$type":"System.Collections.Generic.List`1[[Sitecore.Commerce.Core.Policy, Sitecore.Commerce.Core]], mscorlib","$values":[]},"ChildComponents":{"$type":"System.Collections.Generic.List`1[[Sitecore.Commerce.Core.Component, Sitecore.Commerce.Core]], mscorlib","$values":[{"$type":"Sitecore.Commerce.Plugin.Catalog.CatalogComponent, Sitecore.Commerce.Plugin.Catalog","ItemDefinition":"","Id":"9745ee12c5844e6683195bc390b1f014","Name":"Adventure Works Catalog","Comments":"","Policies":{"$type":"System.Collections.Generic.List`1[[Sitecore.Commerce.Core.Policy, Sitecore.Commerce.Core]], mscorlib","$values":[]},"ChildComponents":{"$type":"System.Collections.Generic.List`1[[Sitecore.Commerce.Core.Component, Sitecore.Commerce.Core]], mscorlib","$values":[]}}]}},{"$type":"Sitecore.Commerce.Core.MessagesComponent, Sitecore.Commerce.Core","Messages":{"$type":"System.Collections.Generic.List`1[[Sitecore.Commerce.Core.MessageModel, Sitecore.Commerce.Core]], mscorlib","$values":[{"$type":"Sitecore.Commerce.Core.MessageModel, Sitecore.Commerce.Core","Code":"MigrationMessage","Text":"Migrated from category with name='SaleItems' in catalog 'Adventure Works Catalog'","Id":"9bd77a29acbf43e4a019a8cc73ced04d"}]},"Id":"5a867a6aba414b75a20b28ad02670ada","Name":"","Comments":"","Policies":{"$type":"System.Collections.Generic.List`1[[Sitecore.Commerce.Core.Policy, Sitecore.Commerce.Core]], mscorlib","$values":[]},"ChildComponents":{"$type":"System.Collections.Generic.List`1[[Sitecore.Commerce.Core.Component, Sitecore.Commerce.Core]], mscorlib","$values":[]}}]},"DateCreated":"2019-05-16T14:09:29.7456078+00:00","DateUpdated":"2016-11-01T18:27:32+00:00","DisplayName":"SaleItems","FriendlyId":"Adventure Works Catalog-SaleItems","Id":"Entity-Category-Adventure Works Catalog-SaleItems","Version":0,"EntityVersion":1,"Published":true,"IsPersisted":false,"Name":"SaleItems","UniqueId":"00000000-0000-0000-0000-000000000000","Policies":{"$type":"System.Collections.Generic.List`1[[Sitecore.Commerce.Core.Policy, Sitecore.Commerce.Core]], mscorlib","$values":[]}}]}