{"$type":"System.Collections.Generic.List`1[[Sitecore.Commerce.Plugin.Catalog.RelationshipDefinition, Sitecore.Commerce.Plugin.Catalog]], mscorlib","$values":[{"$type":"Sitecore.Commerce.Plugin.Catalog.RelationshipDefinition, Sitecore.Commerce.Plugin.Catalog","RelationshipDescription":"CrossSellCategoryToCategory","SourceType":"Sitecore.Commerce.Plugin.Catalog.Category, Sitecore.Commerce.Plugin.Catalog","TargetType":"Sitecore.Commerce.Plugin.Catalog.Category, Sitecore.Commerce.Plugin.Catalog","RenderList":true,"Components":{"$type":"System.Collections.Generic.List`1[[Sitecore.Commerce.Core.Component, Sitecore.Commerce.Core]], mscorlib","$values":[]},"DateCreated":"2019-05-16T14:09:29.6575972+00:00","DateUpdated":"2019-05-16T14:09:29.6575972+00:00","DisplayName":"CrossSellCategoryToCategory","FriendlyId":"CrossSellCategoryToCategory","Id":"Entity-RelationshipDefinition-CrossSellCategoryToCategory","Version":0,"EntityVersion":1,"Published":true,"IsPersisted":false,"Name":"CrossSellCategoryToCategory","UniqueId":"00000000-0000-0000-0000-000000000000","Policies":{"$type":"System.Collections.Generic.List`1[[Sitecore.Commerce.Core.Policy, Sitecore.Commerce.Core]], mscorlib","$values":[]}},{"$type":"Sitecore.Commerce.Plugin.Catalog.RelationshipDefinition, Sitecore.Commerce.Plugin.Catalog","RelationshipDescription":"CrossSellSellableItemToSellableItem","SourceType":"Sitecore.Commerce.Plugin.Catalog.SellableItem, Sitecore.Commerce.Plugin.Catalog","TargetType":"Sitecore.Commerce.Plugin.Catalog.SellableItem, Sitecore.Commerce.Plugin.Catalog","RenderList":true,"Components":{"$type":"System.Collections.Generic.List`1[[Sitecore.Commerce.Core.Component, Sitecore.Commerce.Core]], mscorlib","$values":[]},"DateCreated":"2019-05-16T14:09:29.7086081+00:00","DateUpdated":"2019-05-16T14:09:29.7086081+00:00","DisplayName":"CrossSellSellableItemToSellableItem","FriendlyId":"CrossSellSellableItemToSellableItem","Id":"Entity-RelationshipDefinition-CrossSellSellableItemToSellableItem","Version":0,"EntityVersion":1,"Published":true,"IsPersisted":false,"Name":"CrossSellSellableItemToSellableItem","UniqueId":"00000000-0000-0000-0000-000000000000","Policies":{"$type":"System.Collections.Generic.List`1[[Sitecore.Commerce.Core.Policy, Sitecore.Commerce.Core]], mscorlib","$values":[]}},{"$type":"Sitecore.Commerce.Plugin.Catalog.RelationshipDefinition, Sitecore.Commerce.Plugin.Catalog","RelationshipDescription":"CrossSellSellableItemToCategory","SourceType":"Sitecore.Commerce.Plugin.Catalog.SellableItem, Sitecore.Commerce.Plugin.Catalog","TargetType":"Sitecore.Commerce.Plugin.Catalog.Category, Sitecore.Commerce.Plugin.Catalog","RenderList":true,"Components":{"$type":"System.Collections.Generic.List`1[[Sitecore.Commerce.Core.Component, Sitecore.Commerce.Core]], mscorlib","$values":[]},"DateCreated":"2019-05-16T14:09:29.7086081+00:00","DateUpdated":"2019-05-16T14:09:29.7086081+00:00","DisplayName":"CrossSellSellableItemToCategory","FriendlyId":"CrossSellSellableItemToCategory","Id":"Entity-RelationshipDefinition-CrossSellSellableItemToCategory","Version":0,"EntityVersion":1,"Published":true,"IsPersisted":false,"Name":"CrossSellSellableItemToCategory","UniqueId":"00000000-0000-0000-0000-000000000000","Policies":{"$type":"System.Collections.Generic.List`1[[Sitecore.Commerce.Core.Policy, Sitecore.Commerce.Core]], mscorlib","$values":[]}},{"$type":"Sitecore.Commerce.Plugin.Catalog.RelationshipDefinition, Sitecore.Commerce.Plugin.Catalog","RelationshipDescription":"UpSellSellableItemToCategory","SourceType":"Sitecore.Commerce.Plugin.Catalog.SellableItem, Sitecore.Commerce.Plugin.Catalog","TargetType":"Sitecore.Commerce.Plugin.Catalog.Category, Sitecore.Commerce.Plugin.Catalog","RenderList":true,"Components":{"$type":"System.Collections.Generic.List`1[[Sitecore.Commerce.Core.Component, Sitecore.Commerce.Core]], mscorlib","$values":[]},"DateCreated":"2019-05-16T14:09:29.7086081+00:00","DateUpdated":"2019-05-16T14:09:29.7086081+00:00","DisplayName":"UpSellSellableItemToCategory","FriendlyId":"UpSellSellableItemToCategory","Id":"Entity-RelationshipDefinition-UpSellSellableItemToCategory","Version":0,"EntityVersion":1,"Published":true,"IsPersisted":false,"Name":"UpSellSellableItemToCategory","UniqueId":"00000000-0000-0000-0000-000000000000","Policies":{"$type":"System.Collections.Generic.List`1[[Sitecore.Commerce.Core.Policy, Sitecore.Commerce.Core]], mscorlib","$values":[]}}]}