{"$type":"System.Collections.Generic.List`1[[Sitecore.Commerce.Plugin.Catalog.SellableItem, Sitecore.Commerce.Plugin.Catalog]], mscorlib","$values":[{"$type":"Sitecore.Commerce.Plugin.Catalog.SellableItem, Sitecore.Commerce.Plugin.Catalog","Description":"All-around, durable shoes with Stealth soles.","ProductId":"AW084 05","Brand":"","Manufacturer":"","TypeOfGood":"","Tags":{"$type":"System.Collections.Generic.List`1[[Sitecore.Commerce.Core.Tag, Sitecore.Commerce.Core]], mscorlib","$values":[]},"SitecoreId":"1565f62d-9b82-dc77-a670-0d0381bbafad","ParentCatalogList":"6341f64d-8213-fdda-402e-df49207158a4","ParentCategoryList":"956fcfd0-ad63-bba6-0f6b-63aebf6a360a","IsBundle":false,"Components":{"$type":"System.Collections.Generic.List`1[[Sitecore.Commerce.Core.Component, Sitecore.Commerce.Core]], mscorlib","$values":[{"$type":"Sitecore.Commerce.Plugin.Catalog.CatalogsComponent, Sitecore.Commerce.Plugin.Catalog","Id":"388a15c69f554e1885e78485bcfab9b2","Name":"","Comments":"","Policies":{"$type":"System.Collections.Generic.List`1[[Sitecore.Commerce.Core.Policy, Sitecore.Commerce.Core]], mscorlib","$values":[]},"ChildComponents":{"$type":"System.Collections.Generic.List`1[[Sitecore.Commerce.Core.Component, Sitecore.Commerce.Core]], mscorlib","$values":[{"$type":"Sitecore.Commerce.Plugin.Catalog.CatalogComponent, Sitecore.Commerce.Plugin.Catalog","ItemDefinition":"Rockshoes","Id":"2886e40d55104aba9adb5c76ccf90f33","Name":"Adventure Works Catalog","Comments":"","Policies":{"$type":"System.Collections.Generic.List`1[[Sitecore.Commerce.Core.Policy, Sitecore.Commerce.Core]], mscorlib","$values":[]},"ChildComponents":{"$type":"System.Collections.Generic.List`1[[Sitecore.Commerce.Core.Component, Sitecore.Commerce.Core]], mscorlib","$values":[]}}]}},{"$type":"Sitecore.Commerce.Core.MessagesComponent, Sitecore.Commerce.Core","Messages":{"$type":"System.Collections.Generic.List`1[[Sitecore.Commerce.Core.MessageModel, Sitecore.Commerce.Core]], mscorlib","$values":[{"$type":"Sitecore.Commerce.Core.MessageModel, Sitecore.Commerce.Core","Code":"MigrationMessage","Text":"Migrated from product with ProductId='AW084-05' in catalog 'Adventure Works Catalog'","Id":"32a43ad06dab4f31b55fe9246502b42f"}]},"Id":"9041ead22cbb45cfb19d2dbb5d43239d","Name":"","Comments":"","Policies":{"$type":"System.Collections.Generic.List`1[[Sitecore.Commerce.Core.Policy, Sitecore.Commerce.Core]], mscorlib","$values":[]},"ChildComponents":{"$type":"System.Collections.Generic.List`1[[Sitecore.Commerce.Core.Component, Sitecore.Commerce.Core]], mscorlib","$values":[]}},{"$type":"Sitecore.Commerce.Plugin.Catalog.ImagesComponent, Sitecore.Commerce.Plugin.Catalog","Images":{"$type":"System.Collections.Generic.List`1[[System.String, mscorlib]], mscorlib","$values":["fd704d2a-8dcf-4d71-91b2-d8629a2f1776","22bd443c-0787-4a0c-98f6-c987b8af4b87","78305db2-6f95-4121-8b35-032845dcd200"]},"Id":"097fb68badf148cb9ac1a7744ac2795e","Name":"","Comments":"","Policies":{"$type":"System.Collections.Generic.List`1[[Sitecore.Commerce.Core.Policy, Sitecore.Commerce.Core]], mscorlib","$values":[]},"ChildComponents":{"$type":"System.Collections.Generic.List`1[[Sitecore.Commerce.Core.Component, Sitecore.Commerce.Core]], mscorlib","$values":[]}},{"$type":"Sitecore.Commerce.Plugin.Inventory.InventoryComponent, Sitecore.Commerce.Plugin.Inventory","InventoryAssociations":{"$type":"System.Collections.Generic.List`1[[Sitecore.Commerce.Plugin.Inventory.InventoryAssociation, Sitecore.Commerce.Plugin.Inventory]], mscorlib","$values":[{"$type":"Sitecore.Commerce.Plugin.Inventory.InventoryAssociation, Sitecore.Commerce.Plugin.Inventory","InventoryInformation":{"$type":"Sitecore.Commerce.Core.EntityReference, Sitecore.Commerce.Core","Name":"","EntityTarget":"Entity-InventoryInformation-Adventure Works Inventory-AW084 05","EntityTargetUniqueId":"00000000-0000-0000-0000-000000000000","Policies":{"$type":"System.Collections.Generic.List`1[[Sitecore.Commerce.Core.Policy, Sitecore.Commerce.Core]], mscorlib","$values":[]}},"InventorySet":{"$type":"Sitecore.Commerce.Core.EntityReference, Sitecore.Commerce.Core","Name":"","EntityTarget":"Entity-InventorySet-Adventure Works Inventory","EntityTargetUniqueId":"00000000-0000-0000-0000-000000000000","Policies":{"$type":"System.Collections.Generic.List`1[[Sitecore.Commerce.Core.Policy, Sitecore.Commerce.Core]], mscorlib","$values":[]}},"Name":"","Policies":{"$type":"System.Collections.Generic.List`1[[Sitecore.Commerce.Core.Policy, Sitecore.Commerce.Core]], mscorlib","$values":[]}}]},"Id":"fc61dbb8bf97450a9e3ea207f0130523","Name":"","Comments":"","Policies":{"$type":"System.Collections.Generic.List`1[[Sitecore.Commerce.Core.Policy, Sitecore.Commerce.Core]], mscorlib","$values":[]},"ChildComponents":{"$type":"System.Collections.Generic.List`1[[Sitecore.Commerce.Core.Component, Sitecore.Commerce.Core]], mscorlib","$values":[]}}]},"DateCreated":"2019-05-16T14:09:29.7066049+00:00","DateUpdated":"2016-11-23T18:52:11+00:00","DisplayName":"Morro","FriendlyId":"AW084 05","Id":"Entity-SellableItem-AW084 05","Version":0,"EntityVersion":1,"Published":true,"IsPersisted":false,"Name":"Morro","UniqueId":"00000000-0000-0000-0000-000000000000","Policies":{"$type":"System.Collections.Generic.List`1[[Sitecore.Commerce.Core.Policy, Sitecore.Commerce.Core]], mscorlib","$values":[{"$type":"Sitecore.Commerce.Plugin.Pricing.ListPricingPolicy, Sitecore.Commerce.Plugin.Pricing","Prices":{"$type":"System.Collections.Generic.List`1[[Sitecore.Commerce.Core.Money, Sitecore.Commerce.Core]], mscorlib","$values":[{"$type":"Sitecore.Commerce.Core.Money, Sitecore.Commerce.Core","CurrencyCode":"USD","Amount":84.0000}]},"PolicyId":"641d10323ebf4f7c8624825dfc3c31bd","Models":{"$type":"System.Collections.Generic.List`1[[Sitecore.Commerce.Core.Model, Sitecore.Commerce.Core]], mscorlib","$values":[]}}]}},{"$type":"Sitecore.Commerce.Plugin.Catalog.SellableItem, Sitecore.Commerce.Plugin.Catalog","Description":"All-around shoes with slipper/shoe design","ProductId":"AW086 06","Brand":"","Manufacturer":"","TypeOfGood":"","Tags":{"$type":"System.Collections.Generic.List`1[[Sitecore.Commerce.Core.Tag, Sitecore.Commerce.Core]], mscorlib","$values":[]},"SitecoreId":"8e9fe595-ad80-f876-0136-54b88c0a5562","ParentCatalogList":"6341f64d-8213-fdda-402e-df49207158a4","ParentCategoryList":"956fcfd0-ad63-bba6-0f6b-63aebf6a360a","IsBundle":false,"Components":{"$type":"System.Collections.Generic.List`1[[Sitecore.Commerce.Core.Component, Sitecore.Commerce.Core]], mscorlib","$values":[{"$type":"Sitecore.Commerce.Plugin.Catalog.CatalogsComponent, Sitecore.Commerce.Plugin.Catalog","Id":"55149a66bf08498994d676313d457528","Name":"","Comments":"","Policies":{"$type":"System.Collections.Generic.List`1[[Sitecore.Commerce.Core.Policy, Sitecore.Commerce.Core]], mscorlib","$values":[]},"ChildComponents":{"$type":"System.Collections.Generic.List`1[[Sitecore.Commerce.Core.Component, Sitecore.Commerce.Core]], mscorlib","$values":[{"$type":"Sitecore.Commerce.Plugin.Catalog.CatalogComponent, Sitecore.Commerce.Plugin.Catalog","ItemDefinition":"Rockshoes","Id":"19152f647ea442dcab45bdfbffe7294b","Name":"Adventure Works Catalog","Comments":"","Policies":{"$type":"System.Collections.Generic.List`1[[Sitecore.Commerce.Core.Policy, Sitecore.Commerce.Core]], mscorlib","$values":[]},"ChildComponents":{"$type":"System.Collections.Generic.List`1[[Sitecore.Commerce.Core.Component, Sitecore.Commerce.Core]], mscorlib","$values":[]}}]}},{"$type":"Sitecore.Commerce.Core.MessagesComponent, Sitecore.Commerce.Core","Messages":{"$type":"System.Collections.Generic.List`1[[Sitecore.Commerce.Core.MessageModel, Sitecore.Commerce.Core]], mscorlib","$values":[{"$type":"Sitecore.Commerce.Core.MessageModel, Sitecore.Commerce.Core","Code":"MigrationMessage","Text":"Migrated from product with ProductId='AW086-06' in catalog 'Adventure Works Catalog'","Id":"e9d33248aa6e41d2b38849663f4126ce"}]},"Id":"4c86c4cd8c594d5eb63047869a0dd1cd","Name":"","Comments":"","Policies":{"$type":"System.Collections.Generic.List`1[[Sitecore.Commerce.Core.Policy, Sitecore.Commerce.Core]], mscorlib","$values":[]},"ChildComponents":{"$type":"System.Collections.Generic.List`1[[Sitecore.Commerce.Core.Component, Sitecore.Commerce.Core]], mscorlib","$values":[]}},{"$type":"Sitecore.Commerce.Plugin.Catalog.ImagesComponent, Sitecore.Commerce.Plugin.Catalog","Images":{"$type":"System.Collections.Generic.List`1[[System.String, mscorlib]], mscorlib","$values":["dbd7d60c-2e37-45eb-b4c2-018458c9765e","89976434-417f-4fc9-89f1-932e4093e1ae","34b445e2-4dbf-4337-a74a-2f83326359ea"]},"Id":"f905c43c48174ff4a3b2d7732893f929","Name":"","Comments":"","Policies":{"$type":"System.Collections.Generic.List`1[[Sitecore.Commerce.Core.Policy, Sitecore.Commerce.Core]], mscorlib","$values":[]},"ChildComponents":{"$type":"System.Collections.Generic.List`1[[Sitecore.Commerce.Core.Component, Sitecore.Commerce.Core]], mscorlib","$values":[]}},{"$type":"Sitecore.Commerce.Plugin.Inventory.InventoryComponent, Sitecore.Commerce.Plugin.Inventory","InventoryAssociations":{"$type":"System.Collections.Generic.List`1[[Sitecore.Commerce.Plugin.Inventory.InventoryAssociation, Sitecore.Commerce.Plugin.Inventory]], mscorlib","$values":[{"$type":"Sitecore.Commerce.Plugin.Inventory.InventoryAssociation, Sitecore.Commerce.Plugin.Inventory","InventoryInformation":{"$type":"Sitecore.Commerce.Core.EntityReference, Sitecore.Commerce.Core","Name":"","EntityTarget":"Entity-InventoryInformation-Adventure Works Inventory-AW086 06","EntityTargetUniqueId":"00000000-0000-0000-0000-000000000000","Policies":{"$type":"System.Collections.Generic.List`1[[Sitecore.Commerce.Core.Policy, Sitecore.Commerce.Core]], mscorlib","$values":[]}},"InventorySet":{"$type":"Sitecore.Commerce.Core.EntityReference, Sitecore.Commerce.Core","Name":"","EntityTarget":"Entity-InventorySet-Adventure Works Inventory","EntityTargetUniqueId":"00000000-0000-0000-0000-000000000000","Policies":{"$type":"System.Collections.Generic.List`1[[Sitecore.Commerce.Core.Policy, Sitecore.Commerce.Core]], mscorlib","$values":[]}},"Name":"","Policies":{"$type":"System.Collections.Generic.List`1[[Sitecore.Commerce.Core.Policy, Sitecore.Commerce.Core]], mscorlib","$values":[]}}]},"Id":"922d45100d8a4f048c0885d40e2cc663","Name":"","Comments":"","Policies":{"$type":"System.Collections.Generic.List`1[[Sitecore.Commerce.Core.Policy, Sitecore.Commerce.Core]], mscorlib","$values":[]},"ChildComponents":{"$type":"System.Collections.Generic.List`1[[Sitecore.Commerce.Core.Component, Sitecore.Commerce.Core]], mscorlib","$values":[]}}]},"DateCreated":"2019-05-16T14:09:29.7066049+00:00","DateUpdated":"2016-11-23T18:52:11+00:00","DisplayName":"Tuscany","FriendlyId":"AW086 06","Id":"Entity-SellableItem-AW086 06","Version":0,"EntityVersion":1,"Published":true,"IsPersisted":false,"Name":"Tuscany","UniqueId":"00000000-0000-0000-0000-000000000000","Policies":{"$type":"System.Collections.Generic.List`1[[Sitecore.Commerce.Core.Policy, Sitecore.Commerce.Core]], mscorlib","$values":[{"$type":"Sitecore.Commerce.Plugin.Pricing.ListPricingPolicy, Sitecore.Commerce.Plugin.Pricing","Prices":{"$type":"System.Collections.Generic.List`1[[Sitecore.Commerce.Core.Money, Sitecore.Commerce.Core]], mscorlib","$values":[{"$type":"Sitecore.Commerce.Core.Money, Sitecore.Commerce.Core","CurrencyCode":"USD","Amount":124.0000}]},"PolicyId":"8d7180a729a84106b875b9abbbaee42f","Models":{"$type":"System.Collections.Generic.List`1[[Sitecore.Commerce.Core.Model, Sitecore.Commerce.Core]], mscorlib","$values":[]}}]}},{"$type":"Sitecore.Commerce.Plugin.Catalog.SellableItem, Sitecore.Commerce.Plugin.Catalog","Description":"Multifuel cook stove, white gas or unleaded.","ProductId":"AW051 14","Brand":"","Manufacturer":"","TypeOfGood":"","Tags":{"$type":"System.Collections.Generic.List`1[[Sitecore.Commerce.Core.Tag, Sitecore.Commerce.Core]], mscorlib","$values":[]},"SitecoreId":"3b5927b2-df63-8275-f724-52acae09fdc5","ParentCatalogList":"6341f64d-8213-fdda-402e-df49207158a4","ParentCategoryList":"00cf376f-88b4-0369-7c37-83471da861f1","IsBundle":false,"Components":{"$type":"System.Collections.Generic.List`1[[Sitecore.Commerce.Core.Component, Sitecore.Commerce.Core]], mscorlib","$values":[{"$type":"Sitecore.Commerce.Plugin.Catalog.CatalogsComponent, Sitecore.Commerce.Plugin.Catalog","Id":"84a81aeaa90047abb7006226df83ccf2","Name":"","Comments":"","Policies":{"$type":"System.Collections.Generic.List`1[[Sitecore.Commerce.Core.Policy, Sitecore.Commerce.Core]], mscorlib","$values":[]},"ChildComponents":{"$type":"System.Collections.Generic.List`1[[Sitecore.Commerce.Core.Component, Sitecore.Commerce.Core]], mscorlib","$values":[{"$type":"Sitecore.Commerce.Plugin.Catalog.CatalogComponent, Sitecore.Commerce.Plugin.Catalog","ItemDefinition":"Supplies","Id":"4b3eef46cd7f4546ab51925ec08b052c","Name":"Adventure Works Catalog","Comments":"","Policies":{"$type":"System.Collections.Generic.List`1[[Sitecore.Commerce.Core.Policy, Sitecore.Commerce.Core]], mscorlib","$values":[]},"ChildComponents":{"$type":"System.Collections.Generic.List`1[[Sitecore.Commerce.Core.Component, Sitecore.Commerce.Core]], mscorlib","$values":[]}}]}},{"$type":"Sitecore.Commerce.Core.MessagesComponent, Sitecore.Commerce.Core","Messages":{"$type":"System.Collections.Generic.List`1[[Sitecore.Commerce.Core.MessageModel, Sitecore.Commerce.Core]], mscorlib","$values":[{"$type":"Sitecore.Commerce.Core.MessageModel, Sitecore.Commerce.Core","Code":"MigrationMessage","Text":"Migrated from product with ProductId='AW051-14' in catalog 'Adventure Works Catalog'","Id":"b14b360e4e0c41969cdc49dca727a68e"}]},"Id":"b929f08ccfe54881b3e1c8d27fd28ea7","Name":"","Comments":"","Policies":{"$type":"System.Collections.Generic.List`1[[Sitecore.Commerce.Core.Policy, Sitecore.Commerce.Core]], mscorlib","$values":[]},"ChildComponents":{"$type":"System.Collections.Generic.List`1[[Sitecore.Commerce.Core.Component, Sitecore.Commerce.Core]], mscorlib","$values":[]}},{"$type":"Sitecore.Commerce.Plugin.Catalog.ImagesComponent, Sitecore.Commerce.Plugin.Catalog","Images":{"$type":"System.Collections.Generic.List`1[[System.String, mscorlib]], mscorlib","$values":["3f5d25b3-8346-4f64-906e-3b0cadaa60c0"]},"Id":"bcfe15157c3441ee9069e64a4474c4ea","Name":"","Comments":"","Policies":{"$type":"System.Collections.Generic.List`1[[Sitecore.Commerce.Core.Policy, Sitecore.Commerce.Core]], mscorlib","$values":[]},"ChildComponents":{"$type":"System.Collections.Generic.List`1[[Sitecore.Commerce.Core.Component, Sitecore.Commerce.Core]], mscorlib","$values":[]}},{"$type":"Sitecore.Commerce.Plugin.Inventory.InventoryComponent, Sitecore.Commerce.Plugin.Inventory","InventoryAssociations":{"$type":"System.Collections.Generic.List`1[[Sitecore.Commerce.Plugin.Inventory.InventoryAssociation, Sitecore.Commerce.Plugin.Inventory]], mscorlib","$values":[{"$type":"Sitecore.Commerce.Plugin.Inventory.InventoryAssociation, Sitecore.Commerce.Plugin.Inventory","InventoryInformation":{"$type":"Sitecore.Commerce.Core.EntityReference, Sitecore.Commerce.Core","Name":"","EntityTarget":"Entity-InventoryInformation-Adventure Works Inventory-AW051 14","EntityTargetUniqueId":"00000000-0000-0000-0000-000000000000","Policies":{"$type":"System.Collections.Generic.List`1[[Sitecore.Commerce.Core.Policy, Sitecore.Commerce.Core]], mscorlib","$values":[]}},"InventorySet":{"$type":"Sitecore.Commerce.Core.EntityReference, Sitecore.Commerce.Core","Name":"","EntityTarget":"Entity-InventorySet-Adventure Works Inventory","EntityTargetUniqueId":"00000000-0000-0000-0000-000000000000","Policies":{"$type":"System.Collections.Generic.List`1[[Sitecore.Commerce.Core.Policy, Sitecore.Commerce.Core]], mscorlib","$values":[]}},"Name":"","Policies":{"$type":"System.Collections.Generic.List`1[[Sitecore.Commerce.Core.Policy, Sitecore.Commerce.Core]], mscorlib","$values":[]}}]},"Id":"cd7d930372aa459e8fee9a546ee62e77","Name":"","Comments":"","Policies":{"$type":"System.Collections.Generic.List`1[[Sitecore.Commerce.Core.Policy, Sitecore.Commerce.Core]], mscorlib","$values":[]},"ChildComponents":{"$type":"System.Collections.Generic.List`1[[Sitecore.Commerce.Core.Component, Sitecore.Commerce.Core]], mscorlib","$values":[]}}]},"DateCreated":"2019-05-16T14:09:29.7076045+00:00","DateUpdated":"2016-11-23T18:52:22+00:00","DisplayName":"Wolfgang","FriendlyId":"AW051 14","Id":"Entity-SellableItem-AW051 14","Version":0,"EntityVersion":1,"Published":true,"IsPersisted":false,"Name":"Wolfgang","UniqueId":"00000000-0000-0000-0000-000000000000","Policies":{"$type":"System.Collections.Generic.List`1[[Sitecore.Commerce.Core.Policy, Sitecore.Commerce.Core]], mscorlib","$values":[{"$type":"Sitecore.Commerce.Plugin.Pricing.ListPricingPolicy, Sitecore.Commerce.Plugin.Pricing","Prices":{"$type":"System.Collections.Generic.List`1[[Sitecore.Commerce.Core.Money, Sitecore.Commerce.Core]], mscorlib","$values":[{"$type":"Sitecore.Commerce.Core.Money, Sitecore.Commerce.Core","CurrencyCode":"USD","Amount":59.0000}]},"PolicyId":"2bfe6b5279b54bbcab708cbbffb2e5fc","Models":{"$type":"System.Collections.Generic.List`1[[Sitecore.Commerce.Core.Model, Sitecore.Commerce.Core]], mscorlib","$values":[]}},{"$type":"Sitecore.Commerce.Plugin.Pricing.PriceCardPolicy, Sitecore.Commerce.Plugin.Pricing","PriceCardName":"AdventureWorksPriceCard","PolicyId":"02792afd2eda42c68f58fb1563904626","Models":{"$type":"System.Collections.Generic.List`1[[Sitecore.Commerce.Core.Model, Sitecore.Commerce.Core]], mscorlib","$values":[]}}]}},{"$type":"Sitecore.Commerce.Plugin.Catalog.SellableItem, Sitecore.Commerce.Plugin.Catalog","Description":"Cold-starter, 80/20 butane/propane cartridges","ProductId":"AW425 14","Brand":"","Manufacturer":"","TypeOfGood":"","Tags":{"$type":"System.Collections.Generic.List`1[[Sitecore.Commerce.Core.Tag, Sitecore.Commerce.Core]], mscorlib","$values":[]},"SitecoreId":"2237223f-19ed-3ad6-e70f-d10f3e91401f","ParentCatalogList":"6341f64d-8213-fdda-402e-df49207158a4","ParentCategoryList":"00cf376f-88b4-0369-7c37-83471da861f1","IsBundle":false,"Components":{"$type":"System.Collections.Generic.List`1[[Sitecore.Commerce.Core.Component, Sitecore.Commerce.Core]], mscorlib","$values":[{"$type":"Sitecore.Commerce.Plugin.Catalog.CatalogsComponent, Sitecore.Commerce.Plugin.Catalog","Id":"dd8bf2bf4f3d470f88f52e24a311dc5b","Name":"","Comments":"","Policies":{"$type":"System.Collections.Generic.List`1[[Sitecore.Commerce.Core.Policy, Sitecore.Commerce.Core]], mscorlib","$values":[]},"ChildComponents":{"$type":"System.Collections.Generic.List`1[[Sitecore.Commerce.Core.Component, Sitecore.Commerce.Core]], mscorlib","$values":[{"$type":"Sitecore.Commerce.Plugin.Catalog.CatalogComponent, Sitecore.Commerce.Plugin.Catalog","ItemDefinition":"Supplies","Id":"701d4af73eb54e47bdd1c1ac04d2e3fe","Name":"Adventure Works Catalog","Comments":"","Policies":{"$type":"System.Collections.Generic.List`1[[Sitecore.Commerce.Core.Policy, Sitecore.Commerce.Core]], mscorlib","$values":[]},"ChildComponents":{"$type":"System.Collections.Generic.List`1[[Sitecore.Commerce.Core.Component, Sitecore.Commerce.Core]], mscorlib","$values":[]}}]}},{"$type":"Sitecore.Commerce.Core.MessagesComponent, Sitecore.Commerce.Core","Messages":{"$type":"System.Collections.Generic.List`1[[Sitecore.Commerce.Core.MessageModel, Sitecore.Commerce.Core]], mscorlib","$values":[{"$type":"Sitecore.Commerce.Core.MessageModel, Sitecore.Commerce.Core","Code":"MigrationMessage","Text":"Migrated from product with ProductId='AW425-14' in catalog 'Adventure Works Catalog'","Id":"389e81084170490baf24cf39305676a6"}]},"Id":"bf828dcb9e694d99a8f0905ea4292625","Name":"","Comments":"","Policies":{"$type":"System.Collections.Generic.List`1[[Sitecore.Commerce.Core.Policy, Sitecore.Commerce.Core]], mscorlib","$values":[]},"ChildComponents":{"$type":"System.Collections.Generic.List`1[[Sitecore.Commerce.Core.Component, Sitecore.Commerce.Core]], mscorlib","$values":[]}},{"$type":"Sitecore.Commerce.Plugin.Catalog.ImagesComponent, Sitecore.Commerce.Plugin.Catalog","Images":{"$type":"System.Collections.Generic.List`1[[System.String, mscorlib]], mscorlib","$values":["d2d8938e-c4a7-4895-a0a5-cb8b78536528","062c7b19-7492-4efe-afef-258a991bb9b7","6d1de6e4-9aa3-4f17-b1b5-f66d27fc994a"]},"Id":"f51c8b016f2547b295485d1c2afa64ea","Name":"","Comments":"","Policies":{"$type":"System.Collections.Generic.List`1[[Sitecore.Commerce.Core.Policy, Sitecore.Commerce.Core]], mscorlib","$values":[]},"ChildComponents":{"$type":"System.Collections.Generic.List`1[[Sitecore.Commerce.Core.Component, Sitecore.Commerce.Core]], mscorlib","$values":[]}},{"$type":"Sitecore.Commerce.Plugin.Inventory.InventoryComponent, Sitecore.Commerce.Plugin.Inventory","InventoryAssociations":{"$type":"System.Collections.Generic.List`1[[Sitecore.Commerce.Plugin.Inventory.InventoryAssociation, Sitecore.Commerce.Plugin.Inventory]], mscorlib","$values":[{"$type":"Sitecore.Commerce.Plugin.Inventory.InventoryAssociation, Sitecore.Commerce.Plugin.Inventory","InventoryInformation":{"$type":"Sitecore.Commerce.Core.EntityReference, Sitecore.Commerce.Core","Name":"","EntityTarget":"Entity-InventoryInformation-Adventure Works Inventory-AW425 14","EntityTargetUniqueId":"00000000-0000-0000-0000-000000000000","Policies":{"$type":"System.Collections.Generic.List`1[[Sitecore.Commerce.Core.Policy, Sitecore.Commerce.Core]], mscorlib","$values":[]}},"InventorySet":{"$type":"Sitecore.Commerce.Core.EntityReference, Sitecore.Commerce.Core","Name":"","EntityTarget":"Entity-InventorySet-Adventure Works Inventory","EntityTargetUniqueId":"00000000-0000-0000-0000-000000000000","Policies":{"$type":"System.Collections.Generic.List`1[[Sitecore.Commerce.Core.Policy, Sitecore.Commerce.Core]], mscorlib","$values":[]}},"Name":"","Policies":{"$type":"System.Collections.Generic.List`1[[Sitecore.Commerce.Core.Policy, Sitecore.Commerce.Core]], mscorlib","$values":[]}}]},"Id":"92a33da2f8b54e1c8767242601845fd7","Name":"","Comments":"","Policies":{"$type":"System.Collections.Generic.List`1[[Sitecore.Commerce.Core.Policy, Sitecore.Commerce.Core]], mscorlib","$values":[]},"ChildComponents":{"$type":"System.Collections.Generic.List`1[[Sitecore.Commerce.Core.Component, Sitecore.Commerce.Core]], mscorlib","$values":[]}}]},"DateCreated":"2019-05-16T14:09:29.7076045+00:00","DateUpdated":"2016-11-23T18:52:22+00:00","DisplayName":"Surelite","FriendlyId":"AW425 14","Id":"Entity-SellableItem-AW425 14","Version":0,"EntityVersion":1,"Published":true,"IsPersisted":false,"Name":"Surelite","UniqueId":"00000000-0000-0000-0000-000000000000","Policies":{"$type":"System.Collections.Generic.List`1[[Sitecore.Commerce.Core.Policy, Sitecore.Commerce.Core]], mscorlib","$values":[{"$type":"Sitecore.Commerce.Plugin.Pricing.ListPricingPolicy, Sitecore.Commerce.Plugin.Pricing","Prices":{"$type":"System.Collections.Generic.List`1[[Sitecore.Commerce.Core.Money, Sitecore.Commerce.Core]], mscorlib","$values":[{"$type":"Sitecore.Commerce.Core.Money, Sitecore.Commerce.Core","CurrencyCode":"USD","Amount":4.0000}]},"PolicyId":"a39c75c7e4ba4120b7f8497a7fdb6525","Models":{"$type":"System.Collections.Generic.List`1[[Sitecore.Commerce.Core.Model, Sitecore.Commerce.Core]], mscorlib","$values":[]}}]}},{"$type":"Sitecore.Commerce.Plugin.Catalog.SellableItem, Sitecore.Commerce.Plugin.Catalog","Description":"Nylon pouch, comprehensive kit for day or weekend trips","ProductId":"AW031 14","Brand":"","Manufacturer":"","TypeOfGood":"","Tags":{"$type":"System.Collections.Generic.List`1[[Sitecore.Commerce.Core.Tag, Sitecore.Commerce.Core]], mscorlib","$values":[]},"SitecoreId":"922ae963-5f3e-7cb2-84ee-48fb5d2ea182","ParentCatalogList":"6341f64d-8213-fdda-402e-df49207158a4","ParentCategoryList":"f3ffa386-927e-19ac-0c6a-cbca545710ec","IsBundle":false,"Components":{"$type":"System.Collections.Generic.List`1[[Sitecore.Commerce.Core.Component, Sitecore.Commerce.Core]], mscorlib","$values":[{"$type":"Sitecore.Commerce.Plugin.Catalog.CatalogsComponent, Sitecore.Commerce.Plugin.Catalog","Id":"0bc072eda9ea41f7825c657aa0aaee73","Name":"","Comments":"","Policies":{"$type":"System.Collections.Generic.List`1[[Sitecore.Commerce.Core.Policy, Sitecore.Commerce.Core]], mscorlib","$values":[]},"ChildComponents":{"$type":"System.Collections.Generic.List`1[[Sitecore.Commerce.Core.Component, Sitecore.Commerce.Core]], mscorlib","$values":[{"$type":"Sitecore.Commerce.Plugin.Catalog.CatalogComponent, Sitecore.Commerce.Plugin.Catalog","ItemDefinition":"Supplies","Id":"bc2c2ce614634dcfa8a0cad4a56a9e01","Name":"Adventure Works Catalog","Comments":"","Policies":{"$type":"System.Collections.Generic.List`1[[Sitecore.Commerce.Core.Policy, Sitecore.Commerce.Core]], mscorlib","$values":[]},"ChildComponents":{"$type":"System.Collections.Generic.List`1[[Sitecore.Commerce.Core.Component, Sitecore.Commerce.Core]], mscorlib","$values":[]}}]}},{"$type":"Sitecore.Commerce.Core.MessagesComponent, Sitecore.Commerce.Core","Messages":{"$type":"System.Collections.Generic.List`1[[Sitecore.Commerce.Core.MessageModel, Sitecore.Commerce.Core]], mscorlib","$values":[{"$type":"Sitecore.Commerce.Core.MessageModel, Sitecore.Commerce.Core","Code":"MigrationMessage","Text":"Migrated from product with ProductId='AW031-14' in catalog 'Adventure Works Catalog'","Id":"47ee700e27534f73a067531a7c496ae8"}]},"Id":"bd8ae9c366974aa1821ed5856465a04d","Name":"","Comments":"","Policies":{"$type":"System.Collections.Generic.List`1[[Sitecore.Commerce.Core.Policy, Sitecore.Commerce.Core]], mscorlib","$values":[]},"ChildComponents":{"$type":"System.Collections.Generic.List`1[[Sitecore.Commerce.Core.Component, Sitecore.Commerce.Core]], mscorlib","$values":[]}},{"$type":"Sitecore.Commerce.Plugin.Catalog.ImagesComponent, Sitecore.Commerce.Plugin.Catalog","Images":{"$type":"System.Collections.Generic.List`1[[System.String, mscorlib]], mscorlib","$values":["f041dbd6-d6c5-4884-9bca-cfc28df4c8d4"]},"Id":"4102dd4fb03d43b4a8476d2fe4cf1a1a","Name":"","Comments":"","Policies":{"$type":"System.Collections.Generic.List`1[[Sitecore.Commerce.Core.Policy, Sitecore.Commerce.Core]], mscorlib","$values":[]},"ChildComponents":{"$type":"System.Collections.Generic.List`1[[Sitecore.Commerce.Core.Component, Sitecore.Commerce.Core]], mscorlib","$values":[]}},{"$type":"Sitecore.Commerce.Plugin.Inventory.InventoryComponent, Sitecore.Commerce.Plugin.Inventory","InventoryAssociations":{"$type":"System.Collections.Generic.List`1[[Sitecore.Commerce.Plugin.Inventory.InventoryAssociation, Sitecore.Commerce.Plugin.Inventory]], mscorlib","$values":[{"$type":"Sitecore.Commerce.Plugin.Inventory.InventoryAssociation, Sitecore.Commerce.Plugin.Inventory","InventoryInformation":{"$type":"Sitecore.Commerce.Core.EntityReference, Sitecore.Commerce.Core","Name":"","EntityTarget":"Entity-InventoryInformation-Adventure Works Inventory-AW031 14","EntityTargetUniqueId":"00000000-0000-0000-0000-000000000000","Policies":{"$type":"System.Collections.Generic.List`1[[Sitecore.Commerce.Core.Policy, Sitecore.Commerce.Core]], mscorlib","$values":[]}},"InventorySet":{"$type":"Sitecore.Commerce.Core.EntityReference, Sitecore.Commerce.Core","Name":"","EntityTarget":"Entity-InventorySet-Adventure Works Inventory","EntityTargetUniqueId":"00000000-0000-0000-0000-000000000000","Policies":{"$type":"System.Collections.Generic.List`1[[Sitecore.Commerce.Core.Policy, Sitecore.Commerce.Core]], mscorlib","$values":[]}},"Name":"","Policies":{"$type":"System.Collections.Generic.List`1[[Sitecore.Commerce.Core.Policy, Sitecore.Commerce.Core]], mscorlib","$values":[]}}]},"Id":"8fbd544ff12c428b80bd90c9ebab3639","Name":"","Comments":"","Policies":{"$type":"System.Collections.Generic.List`1[[Sitecore.Commerce.Core.Policy, Sitecore.Commerce.Core]], mscorlib","$values":[]},"ChildComponents":{"$type":"System.Collections.Generic.List`1[[Sitecore.Commerce.Core.Component, Sitecore.Commerce.Core]], mscorlib","$values":[]}}]},"DateCreated":"2019-05-16T14:09:29.7076045+00:00","DateUpdated":"2016-11-23T18:52:22+00:00","DisplayName":"Daytrip First Aid Kit","FriendlyId":"AW031 14","Id":"Entity-SellableItem-AW031 14","Version":0,"EntityVersion":1,"Published":true,"IsPersisted":false,"Name":"Daytrip First Aid Kit","UniqueId":"00000000-0000-0000-0000-000000000000","Policies":{"$type":"System.Collections.Generic.List`1[[Sitecore.Commerce.Core.Policy, Sitecore.Commerce.Core]], mscorlib","$values":[{"$type":"Sitecore.Commerce.Plugin.Pricing.ListPricingPolicy, Sitecore.Commerce.Plugin.Pricing","Prices":{"$type":"System.Collections.Generic.List`1[[Sitecore.Commerce.Core.Money, Sitecore.Commerce.Core]], mscorlib","$values":[{"$type":"Sitecore.Commerce.Core.Money, Sitecore.Commerce.Core","CurrencyCode":"USD","Amount":31.0000}]},"PolicyId":"0b78a78b9e2c4612aa69bf0babba8a1c","Models":{"$type":"System.Collections.Generic.List`1[[Sitecore.Commerce.Core.Model, Sitecore.Commerce.Core]], mscorlib","$values":[]}}]}},{"$type":"Sitecore.Commerce.Plugin.Catalog.SellableItem, Sitecore.Commerce.Plugin.Catalog","Description":"All-purpose cook set, stainless-steel nesting pots of 1, 2, and 3 liters, includes lids and fry pan.","ProductId":"AW475 14","Brand":"","Manufacturer":"","TypeOfGood":"","Tags":{"$type":"System.Collections.Generic.List`1[[Sitecore.Commerce.Core.Tag, Sitecore.Commerce.Core]], mscorlib","$values":[]},"SitecoreId":"24bc4fd2-82ba-6fd4-368f-274d3885ebbd","ParentCatalogList":"6341f64d-8213-fdda-402e-df49207158a4","ParentCategoryList":"a289444d-11c5-05c6-5a1d-d7b6d7289ea6","IsBundle":false,"Components":{"$type":"System.Collections.Generic.List`1[[Sitecore.Commerce.Core.Component, Sitecore.Commerce.Core]], mscorlib","$values":[{"$type":"Sitecore.Commerce.Plugin.Catalog.CatalogsComponent, Sitecore.Commerce.Plugin.Catalog","Id":"fd70d4c9c0184b8cb541455d51065a66","Name":"","Comments":"","Policies":{"$type":"System.Collections.Generic.List`1[[Sitecore.Commerce.Core.Policy, Sitecore.Commerce.Core]], mscorlib","$values":[]},"ChildComponents":{"$type":"System.Collections.Generic.List`1[[Sitecore.Commerce.Core.Component, Sitecore.Commerce.Core]], mscorlib","$values":[{"$type":"Sitecore.Commerce.Plugin.Catalog.CatalogComponent, Sitecore.Commerce.Plugin.Catalog","ItemDefinition":"Supplies","Id":"cdb52ec32e1e4de7a2f82cdf0355459b","Name":"Adventure Works Catalog","Comments":"","Policies":{"$type":"System.Collections.Generic.List`1[[Sitecore.Commerce.Core.Policy, Sitecore.Commerce.Core]], mscorlib","$values":[]},"ChildComponents":{"$type":"System.Collections.Generic.List`1[[Sitecore.Commerce.Core.Component, Sitecore.Commerce.Core]], mscorlib","$values":[]}}]}},{"$type":"Sitecore.Commerce.Core.MessagesComponent, Sitecore.Commerce.Core","Messages":{"$type":"System.Collections.Generic.List`1[[Sitecore.Commerce.Core.MessageModel, Sitecore.Commerce.Core]], mscorlib","$values":[{"$type":"Sitecore.Commerce.Core.MessageModel, Sitecore.Commerce.Core","Code":"MigrationMessage","Text":"Migrated from product with ProductId='AW475-14' in catalog 'Adventure Works Catalog'","Id":"15b4292e767942fbba2bb83113026029"}]},"Id":"bb4e126de034492696dbb76dbc3ffe30","Name":"","Comments":"","Policies":{"$type":"System.Collections.Generic.List`1[[Sitecore.Commerce.Core.Policy, Sitecore.Commerce.Core]], mscorlib","$values":[]},"ChildComponents":{"$type":"System.Collections.Generic.List`1[[Sitecore.Commerce.Core.Component, Sitecore.Commerce.Core]], mscorlib","$values":[]}},{"$type":"Sitecore.Commerce.Plugin.Catalog.ImagesComponent, Sitecore.Commerce.Plugin.Catalog","Images":{"$type":"System.Collections.Generic.List`1[[System.String, mscorlib]], mscorlib","$values":["34c79757-ac15-4848-be03-f70996df9e55","a286001d-8465-409a-b24a-9104805b5383","4bfb5a42-2571-4d28-af1d-246d49aafa94","d90afeb4-5494-4910-ac36-deb82ca9c1ff"]},"Id":"ceba4ac9b82d44a09dc3d11c926faee9","Name":"","Comments":"","Policies":{"$type":"System.Collections.Generic.List`1[[Sitecore.Commerce.Core.Policy, Sitecore.Commerce.Core]], mscorlib","$values":[]},"ChildComponents":{"$type":"System.Collections.Generic.List`1[[Sitecore.Commerce.Core.Component, Sitecore.Commerce.Core]], mscorlib","$values":[]}},{"$type":"Sitecore.Commerce.Plugin.Inventory.InventoryComponent, Sitecore.Commerce.Plugin.Inventory","InventoryAssociations":{"$type":"System.Collections.Generic.List`1[[Sitecore.Commerce.Plugin.Inventory.InventoryAssociation, Sitecore.Commerce.Plugin.Inventory]], mscorlib","$values":[{"$type":"Sitecore.Commerce.Plugin.Inventory.InventoryAssociation, Sitecore.Commerce.Plugin.Inventory","InventoryInformation":{"$type":"Sitecore.Commerce.Core.EntityReference, Sitecore.Commerce.Core","Name":"","EntityTarget":"Entity-InventoryInformation-Adventure Works Inventory-AW475 14","EntityTargetUniqueId":"00000000-0000-0000-0000-000000000000","Policies":{"$type":"System.Collections.Generic.List`1[[Sitecore.Commerce.Core.Policy, Sitecore.Commerce.Core]], mscorlib","$values":[]}},"InventorySet":{"$type":"Sitecore.Commerce.Core.EntityReference, Sitecore.Commerce.Core","Name":"","EntityTarget":"Entity-InventorySet-Adventure Works Inventory","EntityTargetUniqueId":"00000000-0000-0000-0000-000000000000","Policies":{"$type":"System.Collections.Generic.List`1[[Sitecore.Commerce.Core.Policy, Sitecore.Commerce.Core]], mscorlib","$values":[]}},"Name":"","Policies":{"$type":"System.Collections.Generic.List`1[[Sitecore.Commerce.Core.Policy, Sitecore.Commerce.Core]], mscorlib","$values":[]}}]},"Id":"60ab66fe9586467ab950b0160cbf3f1b","Name":"","Comments":"","Policies":{"$type":"System.Collections.Generic.List`1[[Sitecore.Commerce.Core.Policy, Sitecore.Commerce.Core]], mscorlib","$values":[]},"ChildComponents":{"$type":"System.Collections.Generic.List`1[[Sitecore.Commerce.Core.Component, Sitecore.Commerce.Core]], mscorlib","$values":[]}}]},"DateCreated":"2019-05-16T14:09:29.7086081+00:00","DateUpdated":"2016-11-23T18:52:22+00:00","DisplayName":"Scoutpride","FriendlyId":"AW475 14","Id":"Entity-SellableItem-AW475 14","Version":0,"EntityVersion":1,"Published":true,"IsPersisted":false,"Name":"Scoutpride","UniqueId":"00000000-0000-0000-0000-000000000000","Policies":{"$type":"System.Collections.Generic.List`1[[Sitecore.Commerce.Core.Policy, Sitecore.Commerce.Core]], mscorlib","$values":[{"$type":"Sitecore.Commerce.Plugin.Pricing.ListPricingPolicy, Sitecore.Commerce.Plugin.Pricing","Prices":{"$type":"System.Collections.Generic.List`1[[Sitecore.Commerce.Core.Money, Sitecore.Commerce.Core]], mscorlib","$values":[{"$type":"Sitecore.Commerce.Core.Money, Sitecore.Commerce.Core","CurrencyCode":"USD","Amount":44.7500}]},"PolicyId":"6a77ef7cb76244da8010d1bc49b8fc11","Models":{"$type":"System.Collections.Generic.List`1[[Sitecore.Commerce.Core.Model, Sitecore.Commerce.Core]], mscorlib","$values":[]}}]}},{"$type":"Sitecore.Commerce.Plugin.Catalog.SellableItem, Sitecore.Commerce.Plugin.Catalog","Description":"Short-sleeve, breathable henley, 100% cotton knit","ProductId":"AW029 03","Brand":"Litware","Manufacturer":"","TypeOfGood":"","Tags":{"$type":"System.Collections.Generic.List`1[[Sitecore.Commerce.Core.Tag, Sitecore.Commerce.Core]], mscorlib","$values":[]},"SitecoreId":"4e24821f-7c22-b481-445d-93b63e0f6d44","ParentCatalogList":"6341f64d-8213-fdda-402e-df49207158a4","ParentCategoryList":"4563617d-3547-eeb4-8a51-75bd1c476bae","IsBundle":false,"Components":{"$type":"System.Collections.Generic.List`1[[Sitecore.Commerce.Core.Component, Sitecore.Commerce.Core]], mscorlib","$values":[{"$type":"Sitecore.Commerce.Plugin.Catalog.CatalogsComponent, Sitecore.Commerce.Plugin.Catalog","Id":"7ba95abd5c724e3ea397ddc20c0a8ad9","Name":"","Comments":"","Policies":{"$type":"System.Collections.Generic.List`1[[Sitecore.Commerce.Core.Policy, Sitecore.Commerce.Core]], mscorlib","$values":[]},"ChildComponents":{"$type":"System.Collections.Generic.List`1[[Sitecore.Commerce.Core.Component, Sitecore.Commerce.Core]], mscorlib","$values":[{"$type":"Sitecore.Commerce.Plugin.Catalog.CatalogComponent, Sitecore.Commerce.Plugin.Catalog","ItemDefinition":"Shirts","Id":"5f1f14e8ae474a0da392a883943b45bd","Name":"Adventure Works Catalog","Comments":"","Policies":{"$type":"System.Collections.Generic.List`1[[Sitecore.Commerce.Core.Policy, Sitecore.Commerce.Core]], mscorlib","$values":[]},"ChildComponents":{"$type":"System.Collections.Generic.List`1[[Sitecore.Commerce.Core.Component, Sitecore.Commerce.Core]], mscorlib","$values":[]}}]}},{"$type":"Sitecore.Commerce.Core.MessagesComponent, Sitecore.Commerce.Core","Messages":{"$type":"System.Collections.Generic.List`1[[Sitecore.Commerce.Core.MessageModel, Sitecore.Commerce.Core]], mscorlib","$values":[{"$type":"Sitecore.Commerce.Core.MessageModel, Sitecore.Commerce.Core","Code":"MigrationMessage","Text":"Migrated from product with ProductId='AW029-03' in catalog 'Adventure Works Catalog'","Id":"e91f7d51052c4d1281b7765ffc8a042e"}]},"Id":"5c88a9a6e4d74703ba70cae3ae833a87","Name":"","Comments":"","Policies":{"$type":"System.Collections.Generic.List`1[[Sitecore.Commerce.Core.Policy, Sitecore.Commerce.Core]], mscorlib","$values":[]},"ChildComponents":{"$type":"System.Collections.Generic.List`1[[Sitecore.Commerce.Core.Component, Sitecore.Commerce.Core]], mscorlib","$values":[]}},{"$type":"Sitecore.Commerce.Plugin.Catalog.ImagesComponent, Sitecore.Commerce.Plugin.Catalog","Images":{"$type":"System.Collections.Generic.List`1[[System.String, mscorlib]], mscorlib","$values":["0050e3cf-c06d-4b28-81f9-e4f0df195565","2b48754f-3cf9-426e-b9a5-20cc8f31895f"]},"Id":"c9a7e9c7faa54def97f88e186db6285c","Name":"","Comments":"","Policies":{"$type":"System.Collections.Generic.List`1[[Sitecore.Commerce.Core.Policy, Sitecore.Commerce.Core]], mscorlib","$values":[]},"ChildComponents":{"$type":"System.Collections.Generic.List`1[[Sitecore.Commerce.Core.Component, Sitecore.Commerce.Core]], mscorlib","$values":[]}},{"$type":"Sitecore.Commerce.Plugin.Catalog.ItemVariationsComponent, Sitecore.Commerce.Plugin.Catalog","Id":"308c9257e9f74e10af149bce4c6c80ba","Name":"","Comments":"","Policies":{"$type":"System.Collections.Generic.List`1[[Sitecore.Commerce.Core.Policy, Sitecore.Commerce.Core]], mscorlib","$values":[]},"ChildComponents":{"$type":"System.Collections.Generic.List`1[[Sitecore.Commerce.Core.Component, Sitecore.Commerce.Core]], mscorlib","$values":[{"$type":"Sitecore.Commerce.Plugin.Catalog.ItemVariationComponent, Sitecore.Commerce.Plugin.Catalog","DisplayName":"Women's woven tee (Blue, Size S)","Description":"","Tags":{"$type":"System.Collections.Generic.List`1[[Sitecore.Commerce.Core.Tag, Sitecore.Commerce.Core]], mscorlib","$values":[{"$type":"Sitecore.Commerce.Core.Tag, Sitecore.Commerce.Core","Excluded":false,"Name":"adventure works variant","Policies":{"$type":"System.Collections.Generic.List`1[[Sitecore.Commerce.Core.Policy, Sitecore.Commerce.Core]], mscorlib","$values":[]}}]},"Disabled":false,"Id":"44","Name":"Women's woven tee (Blue, Size S)","Comments":"","Policies":{"$type":"System.Collections.Generic.List`1[[Sitecore.Commerce.Core.Policy, Sitecore.Commerce.Core]], mscorlib","$values":[{"$type":"Sitecore.Commerce.Plugin.Pricing.ListPricingPolicy, Sitecore.Commerce.Plugin.Pricing","Prices":{"$type":"System.Collections.Generic.List`1[[Sitecore.Commerce.Core.Money, Sitecore.Commerce.Core]], mscorlib","$values":[{"$type":"Sitecore.Commerce.Core.Money, Sitecore.Commerce.Core","CurrencyCode":"USD","Amount":29.0000}]},"PolicyId":"76a4ddfb810a41ceb32eeca334507873","Models":{"$type":"System.Collections.Generic.List`1[[Sitecore.Commerce.Core.Model, Sitecore.Commerce.Core]], mscorlib","$values":[]}},{"$type":"Sitecore.Commerce.Plugin.Pricing.PriceCardPolicy, Sitecore.Commerce.Plugin.Pricing","PriceCardName":"AdventureVariantsPriceCard","PolicyId":"b78e88be196a499baa08f99c683c332a","Models":{"$type":"System.Collections.Generic.List`1[[Sitecore.Commerce.Core.Model, Sitecore.Commerce.Core]], mscorlib","$values":[]}}]},"ChildComponents":{"$type":"System.Collections.Generic.List`1[[Sitecore.Commerce.Core.Component, Sitecore.Commerce.Core]], mscorlib","$values":[{"$type":"Sitecore.Commerce.Plugin.Catalog.DisplayPropertiesComponent, Sitecore.Commerce.Plugin.Catalog","DisambiguatingDescription":"","DisplayOnSite":false,"DisplayInProductList":false,"Color":"Blue","Size":"S","Style":"","Id":"dafc17c505414b248b05bff56c545d47","Name":"","Comments":"","Policies":{"$type":"System.Collections.Generic.List`1[[Sitecore.Commerce.Core.Policy, Sitecore.Commerce.Core]], mscorlib","$values":[]},"ChildComponents":{"$type":"System.Collections.Generic.List`1[[Sitecore.Commerce.Core.Component, Sitecore.Commerce.Core]], mscorlib","$values":[]}},{"$type":"Sitecore.Commerce.Plugin.Inventory.InventoryComponent, Sitecore.Commerce.Plugin.Inventory","InventoryAssociations":{"$type":"System.Collections.Generic.List`1[[Sitecore.Commerce.Plugin.Inventory.InventoryAssociation, Sitecore.Commerce.Plugin.Inventory]], mscorlib","$values":[{"$type":"Sitecore.Commerce.Plugin.Inventory.InventoryAssociation, Sitecore.Commerce.Plugin.Inventory","InventoryInformation":{"$type":"Sitecore.Commerce.Core.EntityReference, Sitecore.Commerce.Core","Name":"","EntityTarget":"Entity-InventoryInformation-Adventure Works Inventory-AW029 03-44","EntityTargetUniqueId":"00000000-0000-0000-0000-000000000000","Policies":{"$type":"System.Collections.Generic.List`1[[Sitecore.Commerce.Core.Policy, Sitecore.Commerce.Core]], mscorlib","$values":[]}},"InventorySet":{"$type":"Sitecore.Commerce.Core.EntityReference, Sitecore.Commerce.Core","Name":"","EntityTarget":"Entity-InventorySet-Adventure Works Inventory","EntityTargetUniqueId":"00000000-0000-0000-0000-000000000000","Policies":{"$type":"System.Collections.Generic.List`1[[Sitecore.Commerce.Core.Policy, Sitecore.Commerce.Core]], mscorlib","$values":[]}},"Name":"","Policies":{"$type":"System.Collections.Generic.List`1[[Sitecore.Commerce.Core.Policy, Sitecore.Commerce.Core]], mscorlib","$values":[]}}]},"Id":"336018d5f9d940a0bc4e50e6cc5bc4b4","Name":"","Comments":"","Policies":{"$type":"System.Collections.Generic.List`1[[Sitecore.Commerce.Core.Policy, Sitecore.Commerce.Core]], mscorlib","$values":[]},"ChildComponents":{"$type":"System.Collections.Generic.List`1[[Sitecore.Commerce.Core.Component, Sitecore.Commerce.Core]], mscorlib","$values":[]}}]}},{"$type":"Sitecore.Commerce.Plugin.Catalog.ItemVariationComponent, Sitecore.Commerce.Plugin.Catalog","DisplayName":"Women's woven tee (Beige, Size M)","Description":"","Tags":{"$type":"System.Collections.Generic.List`1[[Sitecore.Commerce.Core.Tag, Sitecore.Commerce.Core]], mscorlib","$values":[]},"Disabled":false,"Id":"45","Name":"Women's woven tee (Beige, Size M)","Comments":"","Policies":{"$type":"System.Collections.Generic.List`1[[Sitecore.Commerce.Core.Policy, Sitecore.Commerce.Core]], mscorlib","$values":[{"$type":"Sitecore.Commerce.Plugin.Pricing.ListPricingPolicy, Sitecore.Commerce.Plugin.Pricing","Prices":{"$type":"System.Collections.Generic.List`1[[Sitecore.Commerce.Core.Money, Sitecore.Commerce.Core]], mscorlib","$values":[{"$type":"Sitecore.Commerce.Core.Money, Sitecore.Commerce.Core","CurrencyCode":"USD","Amount":29.0000}]},"PolicyId":"11dc583e531c4efd90d2f5fdab95561d","Models":{"$type":"System.Collections.Generic.List`1[[Sitecore.Commerce.Core.Model, Sitecore.Commerce.Core]], mscorlib","$values":[]}}]},"ChildComponents":{"$type":"System.Collections.Generic.List`1[[Sitecore.Commerce.Core.Component, Sitecore.Commerce.Core]], mscorlib","$values":[{"$type":"Sitecore.Commerce.Plugin.Catalog.DisplayPropertiesComponent, Sitecore.Commerce.Plugin.Catalog","DisambiguatingDescription":"","DisplayOnSite":false,"DisplayInProductList":false,"Color":"Beige","Size":"M","Style":"","Id":"7a4cd42d7b6447fbba8e2a94b04073bc","Name":"","Comments":"","Policies":{"$type":"System.Collections.Generic.List`1[[Sitecore.Commerce.Core.Policy, Sitecore.Commerce.Core]], mscorlib","$values":[]},"ChildComponents":{"$type":"System.Collections.Generic.List`1[[Sitecore.Commerce.Core.Component, Sitecore.Commerce.Core]], mscorlib","$values":[]}},{"$type":"Sitecore.Commerce.Plugin.Inventory.InventoryComponent, Sitecore.Commerce.Plugin.Inventory","InventoryAssociations":{"$type":"System.Collections.Generic.List`1[[Sitecore.Commerce.Plugin.Inventory.InventoryAssociation, Sitecore.Commerce.Plugin.Inventory]], mscorlib","$values":[{"$type":"Sitecore.Commerce.Plugin.Inventory.InventoryAssociation, Sitecore.Commerce.Plugin.Inventory","InventoryInformation":{"$type":"Sitecore.Commerce.Core.EntityReference, Sitecore.Commerce.Core","Name":"","EntityTarget":"Entity-InventoryInformation-Adventure Works Inventory-AW029 03-45","EntityTargetUniqueId":"00000000-0000-0000-0000-000000000000","Policies":{"$type":"System.Collections.Generic.List`1[[Sitecore.Commerce.Core.Policy, Sitecore.Commerce.Core]], mscorlib","$values":[]}},"InventorySet":{"$type":"Sitecore.Commerce.Core.EntityReference, Sitecore.Commerce.Core","Name":"","EntityTarget":"Entity-InventorySet-Adventure Works Inventory","EntityTargetUniqueId":"00000000-0000-0000-0000-000000000000","Policies":{"$type":"System.Collections.Generic.List`1[[Sitecore.Commerce.Core.Policy, Sitecore.Commerce.Core]], mscorlib","$values":[]}},"Name":"","Policies":{"$type":"System.Collections.Generic.List`1[[Sitecore.Commerce.Core.Policy, Sitecore.Commerce.Core]], mscorlib","$values":[]}}]},"Id":"2b47a69e8d984cc0b0175ec9b5d0f8b2","Name":"","Comments":"","Policies":{"$type":"System.Collections.Generic.List`1[[Sitecore.Commerce.Core.Policy, Sitecore.Commerce.Core]], mscorlib","$values":[]},"ChildComponents":{"$type":"System.Collections.Generic.List`1[[Sitecore.Commerce.Core.Component, Sitecore.Commerce.Core]], mscorlib","$values":[]}}]}},{"$type":"Sitecore.Commerce.Plugin.Catalog.ItemVariationComponent, Sitecore.Commerce.Plugin.Catalog","DisplayName":"Women's woven tee (Green, Size S)","Description":"","Tags":{"$type":"System.Collections.Generic.List`1[[Sitecore.Commerce.Core.Tag, Sitecore.Commerce.Core]], mscorlib","$values":[]},"Disabled":false,"Id":"46","Name":"Women's woven tee (Green, Size S)","Comments":"","Policies":{"$type":"System.Collections.Generic.List`1[[Sitecore.Commerce.Core.Policy, Sitecore.Commerce.Core]], mscorlib","$values":[{"$type":"Sitecore.Commerce.Plugin.Pricing.ListPricingPolicy, Sitecore.Commerce.Plugin.Pricing","Prices":{"$type":"System.Collections.Generic.List`1[[Sitecore.Commerce.Core.Money, Sitecore.Commerce.Core]], mscorlib","$values":[{"$type":"Sitecore.Commerce.Core.Money, Sitecore.Commerce.Core","CurrencyCode":"USD","Amount":29.0000}]},"PolicyId":"e72b52f41dae40de86a7720970d1fa5a","Models":{"$type":"System.Collections.Generic.List`1[[Sitecore.Commerce.Core.Model, Sitecore.Commerce.Core]], mscorlib","$values":[]}}]},"ChildComponents":{"$type":"System.Collections.Generic.List`1[[Sitecore.Commerce.Core.Component, Sitecore.Commerce.Core]], mscorlib","$values":[{"$type":"Sitecore.Commerce.Plugin.Catalog.DisplayPropertiesComponent, Sitecore.Commerce.Plugin.Catalog","DisambiguatingDescription":"","DisplayOnSite":false,"DisplayInProductList":false,"Color":"Green","Size":"S","Style":"","Id":"51e1714944dc47d396598f368617d81c","Name":"","Comments":"","Policies":{"$type":"System.Collections.Generic.List`1[[Sitecore.Commerce.Core.Policy, Sitecore.Commerce.Core]], mscorlib","$values":[]},"ChildComponents":{"$type":"System.Collections.Generic.List`1[[Sitecore.Commerce.Core.Component, Sitecore.Commerce.Core]], mscorlib","$values":[]}},{"$type":"Sitecore.Commerce.Plugin.Inventory.InventoryComponent, Sitecore.Commerce.Plugin.Inventory","InventoryAssociations":{"$type":"System.Collections.Generic.List`1[[Sitecore.Commerce.Plugin.Inventory.InventoryAssociation, Sitecore.Commerce.Plugin.Inventory]], mscorlib","$values":[{"$type":"Sitecore.Commerce.Plugin.Inventory.InventoryAssociation, Sitecore.Commerce.Plugin.Inventory","InventoryInformation":{"$type":"Sitecore.Commerce.Core.EntityReference, Sitecore.Commerce.Core","Name":"","EntityTarget":"Entity-InventoryInformation-Adventure Works Inventory-AW029 03-46","EntityTargetUniqueId":"00000000-0000-0000-0000-000000000000","Policies":{"$type":"System.Collections.Generic.List`1[[Sitecore.Commerce.Core.Policy, Sitecore.Commerce.Core]], mscorlib","$values":[]}},"InventorySet":{"$type":"Sitecore.Commerce.Core.EntityReference, Sitecore.Commerce.Core","Name":"","EntityTarget":"Entity-InventorySet-Adventure Works Inventory","EntityTargetUniqueId":"00000000-0000-0000-0000-000000000000","Policies":{"$type":"System.Collections.Generic.List`1[[Sitecore.Commerce.Core.Policy, Sitecore.Commerce.Core]], mscorlib","$values":[]}},"Name":"","Policies":{"$type":"System.Collections.Generic.List`1[[Sitecore.Commerce.Core.Policy, Sitecore.Commerce.Core]], mscorlib","$values":[]}}]},"Id":"b80aa537df10436593b8b6382b0c43c3","Name":"","Comments":"","Policies":{"$type":"System.Collections.Generic.List`1[[Sitecore.Commerce.Core.Policy, Sitecore.Commerce.Core]], mscorlib","$values":[]},"ChildComponents":{"$type":"System.Collections.Generic.List`1[[Sitecore.Commerce.Core.Component, Sitecore.Commerce.Core]], mscorlib","$values":[]}}]}},{"$type":"Sitecore.Commerce.Plugin.Catalog.ItemVariationComponent, Sitecore.Commerce.Plugin.Catalog","DisplayName":"Women's woven tee (Blue, Size M)","Description":"","Tags":{"$type":"System.Collections.Generic.List`1[[Sitecore.Commerce.Core.Tag, Sitecore.Commerce.Core]], mscorlib","$values":[]},"Disabled":false,"Id":"54","Name":"Women's woven tee (Blue, Size M)","Comments":"","Policies":{"$type":"System.Collections.Generic.List`1[[Sitecore.Commerce.Core.Policy, Sitecore.Commerce.Core]], mscorlib","$values":[{"$type":"Sitecore.Commerce.Plugin.Pricing.ListPricingPolicy, Sitecore.Commerce.Plugin.Pricing","Prices":{"$type":"System.Collections.Generic.List`1[[Sitecore.Commerce.Core.Money, Sitecore.Commerce.Core]], mscorlib","$values":[{"$type":"Sitecore.Commerce.Core.Money, Sitecore.Commerce.Core","CurrencyCode":"USD","Amount":29.0000}]},"PolicyId":"d28fde9e06f14f668b1bf0b311b7856d","Models":{"$type":"System.Collections.Generic.List`1[[Sitecore.Commerce.Core.Model, Sitecore.Commerce.Core]], mscorlib","$values":[]}}]},"ChildComponents":{"$type":"System.Collections.Generic.List`1[[Sitecore.Commerce.Core.Component, Sitecore.Commerce.Core]], mscorlib","$values":[{"$type":"Sitecore.Commerce.Plugin.Catalog.DisplayPropertiesComponent, Sitecore.Commerce.Plugin.Catalog","DisambiguatingDescription":"","DisplayOnSite":false,"DisplayInProductList":false,"Color":"Blue","Size":"M","Style":"","Id":"de93e63ffd644b959c064d8ec5c92993","Name":"","Comments":"","Policies":{"$type":"System.Collections.Generic.List`1[[Sitecore.Commerce.Core.Policy, Sitecore.Commerce.Core]], mscorlib","$values":[]},"ChildComponents":{"$type":"System.Collections.Generic.List`1[[Sitecore.Commerce.Core.Component, Sitecore.Commerce.Core]], mscorlib","$values":[]}},{"$type":"Sitecore.Commerce.Plugin.Inventory.InventoryComponent, Sitecore.Commerce.Plugin.Inventory","InventoryAssociations":{"$type":"System.Collections.Generic.List`1[[Sitecore.Commerce.Plugin.Inventory.InventoryAssociation, Sitecore.Commerce.Plugin.Inventory]], mscorlib","$values":[{"$type":"Sitecore.Commerce.Plugin.Inventory.InventoryAssociation, Sitecore.Commerce.Plugin.Inventory","InventoryInformation":{"$type":"Sitecore.Commerce.Core.EntityReference, Sitecore.Commerce.Core","Name":"","EntityTarget":"Entity-InventoryInformation-Adventure Works Inventory-AW029 03-54","EntityTargetUniqueId":"00000000-0000-0000-0000-000000000000","Policies":{"$type":"System.Collections.Generic.List`1[[Sitecore.Commerce.Core.Policy, Sitecore.Commerce.Core]], mscorlib","$values":[]}},"InventorySet":{"$type":"Sitecore.Commerce.Core.EntityReference, Sitecore.Commerce.Core","Name":"","EntityTarget":"Entity-InventorySet-Adventure Works Inventory","EntityTargetUniqueId":"00000000-0000-0000-0000-000000000000","Policies":{"$type":"System.Collections.Generic.List`1[[Sitecore.Commerce.Core.Policy, Sitecore.Commerce.Core]], mscorlib","$values":[]}},"Name":"","Policies":{"$type":"System.Collections.Generic.List`1[[Sitecore.Commerce.Core.Policy, Sitecore.Commerce.Core]], mscorlib","$values":[]}}]},"Id":"e59d41ec67494a5dbdd6c5182107de74","Name":"","Comments":"","Policies":{"$type":"System.Collections.Generic.List`1[[Sitecore.Commerce.Core.Policy, Sitecore.Commerce.Core]], mscorlib","$values":[]},"ChildComponents":{"$type":"System.Collections.Generic.List`1[[Sitecore.Commerce.Core.Component, Sitecore.Commerce.Core]], mscorlib","$values":[]}}]}},{"$type":"Sitecore.Commerce.Plugin.Catalog.ItemVariationComponent, Sitecore.Commerce.Plugin.Catalog","DisplayName":"Women's woven tee (Beige, Size L)","Description":"","Tags":{"$type":"System.Collections.Generic.List`1[[Sitecore.Commerce.Core.Tag, Sitecore.Commerce.Core]], mscorlib","$values":[]},"Disabled":false,"Id":"55","Name":"Women's woven tee (Beige, Size L)","Comments":"","Policies":{"$type":"System.Collections.Generic.List`1[[Sitecore.Commerce.Core.Policy, Sitecore.Commerce.Core]], mscorlib","$values":[{"$type":"Sitecore.Commerce.Plugin.Pricing.ListPricingPolicy, Sitecore.Commerce.Plugin.Pricing","Prices":{"$type":"System.Collections.Generic.List`1[[Sitecore.Commerce.Core.Money, Sitecore.Commerce.Core]], mscorlib","$values":[{"$type":"Sitecore.Commerce.Core.Money, Sitecore.Commerce.Core","CurrencyCode":"USD","Amount":29.0000}]},"PolicyId":"3ea75a7477974d5abbe1891a4a7f1cae","Models":{"$type":"System.Collections.Generic.List`1[[Sitecore.Commerce.Core.Model, Sitecore.Commerce.Core]], mscorlib","$values":[]}}]},"ChildComponents":{"$type":"System.Collections.Generic.List`1[[Sitecore.Commerce.Core.Component, Sitecore.Commerce.Core]], mscorlib","$values":[{"$type":"Sitecore.Commerce.Plugin.Catalog.DisplayPropertiesComponent, Sitecore.Commerce.Plugin.Catalog","DisambiguatingDescription":"","DisplayOnSite":false,"DisplayInProductList":false,"Color":"Beige","Size":"L","Style":"","Id":"aba228af39434c19942fd06f5548892e","Name":"","Comments":"","Policies":{"$type":"System.Collections.Generic.List`1[[Sitecore.Commerce.Core.Policy, Sitecore.Commerce.Core]], mscorlib","$values":[]},"ChildComponents":{"$type":"System.Collections.Generic.List`1[[Sitecore.Commerce.Core.Component, Sitecore.Commerce.Core]], mscorlib","$values":[]}},{"$type":"Sitecore.Commerce.Plugin.Inventory.InventoryComponent, Sitecore.Commerce.Plugin.Inventory","InventoryAssociations":{"$type":"System.Collections.Generic.List`1[[Sitecore.Commerce.Plugin.Inventory.InventoryAssociation, Sitecore.Commerce.Plugin.Inventory]], mscorlib","$values":[{"$type":"Sitecore.Commerce.Plugin.Inventory.InventoryAssociation, Sitecore.Commerce.Plugin.Inventory","InventoryInformation":{"$type":"Sitecore.Commerce.Core.EntityReference, Sitecore.Commerce.Core","Name":"","EntityTarget":"Entity-InventoryInformation-Adventure Works Inventory-AW029 03-55","EntityTargetUniqueId":"00000000-0000-0000-0000-000000000000","Policies":{"$type":"System.Collections.Generic.List`1[[Sitecore.Commerce.Core.Policy, Sitecore.Commerce.Core]], mscorlib","$values":[]}},"InventorySet":{"$type":"Sitecore.Commerce.Core.EntityReference, Sitecore.Commerce.Core","Name":"","EntityTarget":"Entity-InventorySet-Adventure Works Inventory","EntityTargetUniqueId":"00000000-0000-0000-0000-000000000000","Policies":{"$type":"System.Collections.Generic.List`1[[Sitecore.Commerce.Core.Policy, Sitecore.Commerce.Core]], mscorlib","$values":[]}},"Name":"","Policies":{"$type":"System.Collections.Generic.List`1[[Sitecore.Commerce.Core.Policy, Sitecore.Commerce.Core]], mscorlib","$values":[]}}]},"Id":"2f214d58f036435d9c1431f138ca0a57","Name":"","Comments":"","Policies":{"$type":"System.Collections.Generic.List`1[[Sitecore.Commerce.Core.Policy, Sitecore.Commerce.Core]], mscorlib","$values":[]},"ChildComponents":{"$type":"System.Collections.Generic.List`1[[Sitecore.Commerce.Core.Component, Sitecore.Commerce.Core]], mscorlib","$values":[]}}]}},{"$type":"Sitecore.Commerce.Plugin.Catalog.ItemVariationComponent, Sitecore.Commerce.Plugin.Catalog","DisplayName":"Women's woven tee (Green, Size M)","Description":"","Tags":{"$type":"System.Collections.Generic.List`1[[Sitecore.Commerce.Core.Tag, Sitecore.Commerce.Core]], mscorlib","$values":[]},"Disabled":false,"Id":"56","Name":"Women's woven tee (Green, Size M)","Comments":"","Policies":{"$type":"System.Collections.Generic.List`1[[Sitecore.Commerce.Core.Policy, Sitecore.Commerce.Core]], mscorlib","$values":[{"$type":"Sitecore.Commerce.Plugin.Pricing.ListPricingPolicy, Sitecore.Commerce.Plugin.Pricing","Prices":{"$type":"System.Collections.Generic.List`1[[Sitecore.Commerce.Core.Money, Sitecore.Commerce.Core]], mscorlib","$values":[{"$type":"Sitecore.Commerce.Core.Money, Sitecore.Commerce.Core","CurrencyCode":"USD","Amount":29.0000}]},"PolicyId":"128cf71f61164413b3eba3d5c7263628","Models":{"$type":"System.Collections.Generic.List`1[[Sitecore.Commerce.Core.Model, Sitecore.Commerce.Core]], mscorlib","$values":[]}}]},"ChildComponents":{"$type":"System.Collections.Generic.List`1[[Sitecore.Commerce.Core.Component, Sitecore.Commerce.Core]], mscorlib","$values":[{"$type":"Sitecore.Commerce.Plugin.Catalog.DisplayPropertiesComponent, Sitecore.Commerce.Plugin.Catalog","DisambiguatingDescription":"","DisplayOnSite":false,"DisplayInProductList":false,"Color":"Green","Size":"M","Style":"","Id":"eca03abe3c6f42d7aa5e965b44353331","Name":"","Comments":"","Policies":{"$type":"System.Collections.Generic.List`1[[Sitecore.Commerce.Core.Policy, Sitecore.Commerce.Core]], mscorlib","$values":[]},"ChildComponents":{"$type":"System.Collections.Generic.List`1[[Sitecore.Commerce.Core.Component, Sitecore.Commerce.Core]], mscorlib","$values":[]}},{"$type":"Sitecore.Commerce.Plugin.Inventory.InventoryComponent, Sitecore.Commerce.Plugin.Inventory","InventoryAssociations":{"$type":"System.Collections.Generic.List`1[[Sitecore.Commerce.Plugin.Inventory.InventoryAssociation, Sitecore.Commerce.Plugin.Inventory]], mscorlib","$values":[{"$type":"Sitecore.Commerce.Plugin.Inventory.InventoryAssociation, Sitecore.Commerce.Plugin.Inventory","InventoryInformation":{"$type":"Sitecore.Commerce.Core.EntityReference, Sitecore.Commerce.Core","Name":"","EntityTarget":"Entity-InventoryInformation-Adventure Works Inventory-AW029 03-56","EntityTargetUniqueId":"00000000-0000-0000-0000-000000000000","Policies":{"$type":"System.Collections.Generic.List`1[[Sitecore.Commerce.Core.Policy, Sitecore.Commerce.Core]], mscorlib","$values":[]}},"InventorySet":{"$type":"Sitecore.Commerce.Core.EntityReference, Sitecore.Commerce.Core","Name":"","EntityTarget":"Entity-InventorySet-Adventure Works Inventory","EntityTargetUniqueId":"00000000-0000-0000-0000-000000000000","Policies":{"$type":"System.Collections.Generic.List`1[[Sitecore.Commerce.Core.Policy, Sitecore.Commerce.Core]], mscorlib","$values":[]}},"Name":"","Policies":{"$type":"System.Collections.Generic.List`1[[Sitecore.Commerce.Core.Policy, Sitecore.Commerce.Core]], mscorlib","$values":[]}}]},"Id":"7fa352862ec444b3b0156cb74806ff84","Name":"","Comments":"","Policies":{"$type":"System.Collections.Generic.List`1[[Sitecore.Commerce.Core.Policy, Sitecore.Commerce.Core]], mscorlib","$values":[]},"ChildComponents":{"$type":"System.Collections.Generic.List`1[[Sitecore.Commerce.Core.Component, Sitecore.Commerce.Core]], mscorlib","$values":[]}}]}},{"$type":"Sitecore.Commerce.Plugin.Catalog.ItemVariationComponent, Sitecore.Commerce.Plugin.Catalog","DisplayName":"Women's woven tee (Blue, Size XL)","Description":"","Tags":{"$type":"System.Collections.Generic.List`1[[Sitecore.Commerce.Core.Tag, Sitecore.Commerce.Core]], mscorlib","$values":[]},"Disabled":false,"Id":"64","Name":"Women's woven tee (Blue, Size XL)","Comments":"","Policies":{"$type":"System.Collections.Generic.List`1[[Sitecore.Commerce.Core.Policy, Sitecore.Commerce.Core]], mscorlib","$values":[{"$type":"Sitecore.Commerce.Plugin.Pricing.ListPricingPolicy, Sitecore.Commerce.Plugin.Pricing","Prices":{"$type":"System.Collections.Generic.List`1[[Sitecore.Commerce.Core.Money, Sitecore.Commerce.Core]], mscorlib","$values":[{"$type":"Sitecore.Commerce.Core.Money, Sitecore.Commerce.Core","CurrencyCode":"USD","Amount":29.0000}]},"PolicyId":"fd3b7969572e480992b75e6a615db664","Models":{"$type":"System.Collections.Generic.List`1[[Sitecore.Commerce.Core.Model, Sitecore.Commerce.Core]], mscorlib","$values":[]}}]},"ChildComponents":{"$type":"System.Collections.Generic.List`1[[Sitecore.Commerce.Core.Component, Sitecore.Commerce.Core]], mscorlib","$values":[{"$type":"Sitecore.Commerce.Plugin.Catalog.DisplayPropertiesComponent, Sitecore.Commerce.Plugin.Catalog","DisambiguatingDescription":"","DisplayOnSite":false,"DisplayInProductList":false,"Color":"Blue","Size":"XL","Style":"","Id":"c8a25250c07b444daff0a574ae1d7a33","Name":"","Comments":"","Policies":{"$type":"System.Collections.Generic.List`1[[Sitecore.Commerce.Core.Policy, Sitecore.Commerce.Core]], mscorlib","$values":[]},"ChildComponents":{"$type":"System.Collections.Generic.List`1[[Sitecore.Commerce.Core.Component, Sitecore.Commerce.Core]], mscorlib","$values":[]}},{"$type":"Sitecore.Commerce.Plugin.Inventory.InventoryComponent, Sitecore.Commerce.Plugin.Inventory","InventoryAssociations":{"$type":"System.Collections.Generic.List`1[[Sitecore.Commerce.Plugin.Inventory.InventoryAssociation, Sitecore.Commerce.Plugin.Inventory]], mscorlib","$values":[{"$type":"Sitecore.Commerce.Plugin.Inventory.InventoryAssociation, Sitecore.Commerce.Plugin.Inventory","InventoryInformation":{"$type":"Sitecore.Commerce.Core.EntityReference, Sitecore.Commerce.Core","Name":"","EntityTarget":"Entity-InventoryInformation-Adventure Works Inventory-AW029 03-64","EntityTargetUniqueId":"00000000-0000-0000-0000-000000000000","Policies":{"$type":"System.Collections.Generic.List`1[[Sitecore.Commerce.Core.Policy, Sitecore.Commerce.Core]], mscorlib","$values":[]}},"InventorySet":{"$type":"Sitecore.Commerce.Core.EntityReference, Sitecore.Commerce.Core","Name":"","EntityTarget":"Entity-InventorySet-Adventure Works Inventory","EntityTargetUniqueId":"00000000-0000-0000-0000-000000000000","Policies":{"$type":"System.Collections.Generic.List`1[[Sitecore.Commerce.Core.Policy, Sitecore.Commerce.Core]], mscorlib","$values":[]}},"Name":"","Policies":{"$type":"System.Collections.Generic.List`1[[Sitecore.Commerce.Core.Policy, Sitecore.Commerce.Core]], mscorlib","$values":[]}}]},"Id":"7773832d82b34c3f983ce1a52ed287ca","Name":"","Comments":"","Policies":{"$type":"System.Collections.Generic.List`1[[Sitecore.Commerce.Core.Policy, Sitecore.Commerce.Core]], mscorlib","$values":[]},"ChildComponents":{"$type":"System.Collections.Generic.List`1[[Sitecore.Commerce.Core.Component, Sitecore.Commerce.Core]], mscorlib","$values":[]}}]}}]}}]},"DateCreated":"2019-05-16T14:09:29.7086081+00:00","DateUpdated":"2016-11-21T17:57:11+00:00","DisplayName":"Women's woven tee","FriendlyId":"AW029 03","Id":"Entity-SellableItem-AW029 03","Version":0,"EntityVersion":1,"Published":true,"IsPersisted":false,"Name":"Women's woven tee","UniqueId":"00000000-0000-0000-0000-000000000000","Policies":{"$type":"System.Collections.Generic.List`1[[Sitecore.Commerce.Core.Policy, Sitecore.Commerce.Core]], mscorlib","$values":[{"$type":"Sitecore.Commerce.Plugin.Pricing.ListPricingPolicy, Sitecore.Commerce.Plugin.Pricing","Prices":{"$type":"System.Collections.Generic.List`1[[Sitecore.Commerce.Core.Money, Sitecore.Commerce.Core]], mscorlib","$values":[{"$type":"Sitecore.Commerce.Core.Money, Sitecore.Commerce.Core","CurrencyCode":"USD","Amount":29.0000}]},"PolicyId":"69ada3f21306418fbfc5df738ee579c9","Models":{"$type":"System.Collections.Generic.List`1[[Sitecore.Commerce.Core.Model, Sitecore.Commerce.Core]], mscorlib","$values":[]}},{"$type":"Sitecore.Commerce.Plugin.Pricing.PriceCardPolicy, Sitecore.Commerce.Plugin.Pricing","PriceCardName":"AdventureWorksPriceCard","PolicyId":"148032162c6f496c8652d3c2ab9a3eac","Models":{"$type":"System.Collections.Generic.List`1[[Sitecore.Commerce.Core.Model, Sitecore.Commerce.Core]], mscorlib","$values":[]}}]}},{"$type":"Sitecore.Commerce.Plugin.Catalog.SellableItem, Sitecore.Commerce.Plugin.Catalog","Description":"Lightweight, adjustable, droppable leg loops.","ProductId":"AW029 10","Brand":"","Manufacturer":"","TypeOfGood":"","Tags":{"$type":"System.Collections.Generic.List`1[[Sitecore.Commerce.Core.Tag, Sitecore.Commerce.Core]], mscorlib","$values":[]},"SitecoreId":"041c2487-bbaa-b716-07f9-7cadb72b82c4","ParentCatalogList":"6341f64d-8213-fdda-402e-df49207158a4","ParentCategoryList":"f3ffa386-927e-19ac-0c6a-cbca545710ec|fc63c52f-2f4a-c6f6-2c0e-32ee86b028c7|5c0ea015-965c-a355-467f-f0417ab86bf6","IsBundle":false,"Components":{"$type":"System.Collections.Generic.List`1[[Sitecore.Commerce.Core.Component, Sitecore.Commerce.Core]], mscorlib","$values":[{"$type":"Sitecore.Commerce.Plugin.Catalog.CatalogsComponent, Sitecore.Commerce.Plugin.Catalog","Id":"38959e3d2dc04fa7a5a288b84e0d644b","Name":"","Comments":"","Policies":{"$type":"System.Collections.Generic.List`1[[Sitecore.Commerce.Core.Policy, Sitecore.Commerce.Core]], mscorlib","$values":[]},"ChildComponents":{"$type":"System.Collections.Generic.List`1[[Sitecore.Commerce.Core.Component, Sitecore.Commerce.Core]], mscorlib","$values":[{"$type":"Sitecore.Commerce.Plugin.Catalog.CatalogComponent, Sitecore.Commerce.Plugin.Catalog","ItemDefinition":"Harness","Id":"cb0190bc488844d88e2602d4e7b0a918","Name":"Adventure Works Catalog","Comments":"","Policies":{"$type":"System.Collections.Generic.List`1[[Sitecore.Commerce.Core.Policy, Sitecore.Commerce.Core]], mscorlib","$values":[]},"ChildComponents":{"$type":"System.Collections.Generic.List`1[[Sitecore.Commerce.Core.Component, Sitecore.Commerce.Core]], mscorlib","$values":[]}}]}},{"$type":"Sitecore.Commerce.Core.MessagesComponent, Sitecore.Commerce.Core","Messages":{"$type":"System.Collections.Generic.List`1[[Sitecore.Commerce.Core.MessageModel, Sitecore.Commerce.Core]], mscorlib","$values":[{"$type":"Sitecore.Commerce.Core.MessageModel, Sitecore.Commerce.Core","Code":"MigrationMessage","Text":"Migrated from product with ProductId='AW029-10' in catalog 'Adventure Works Catalog'","Id":"f41421033add42f58ef268d4a3fd8d38"}]},"Id":"4a3ae3a328bf4ba99cfdd8d29f1c847f","Name":"","Comments":"","Policies":{"$type":"System.Collections.Generic.List`1[[Sitecore.Commerce.Core.Policy, Sitecore.Commerce.Core]], mscorlib","$values":[]},"ChildComponents":{"$type":"System.Collections.Generic.List`1[[Sitecore.Commerce.Core.Component, Sitecore.Commerce.Core]], mscorlib","$values":[]}},{"$type":"Sitecore.Commerce.Plugin.Catalog.ImagesComponent, Sitecore.Commerce.Plugin.Catalog","Images":{"$type":"System.Collections.Generic.List`1[[System.String, mscorlib]], mscorlib","$values":["eb667a34-1291-4205-806f-5267b66613ce","aecedf1d-0fb6-4000-aaf4-b951c6079237"]},"Id":"d83544ddcc7d43ec981e18cc51a2a3ef","Name":"","Comments":"","Policies":{"$type":"System.Collections.Generic.List`1[[Sitecore.Commerce.Core.Policy, Sitecore.Commerce.Core]], mscorlib","$values":[]},"ChildComponents":{"$type":"System.Collections.Generic.List`1[[Sitecore.Commerce.Core.Component, Sitecore.Commerce.Core]], mscorlib","$values":[]}},{"$type":"Sitecore.Commerce.Plugin.Catalog.ItemVariationsComponent, Sitecore.Commerce.Plugin.Catalog","Id":"0858f55e8e454a09b6f8fd6ef9e717f4","Name":"","Comments":"","Policies":{"$type":"System.Collections.Generic.List`1[[Sitecore.Commerce.Core.Policy, Sitecore.Commerce.Core]], mscorlib","$values":[]},"ChildComponents":{"$type":"System.Collections.Generic.List`1[[Sitecore.Commerce.Core.Component, Sitecore.Commerce.Core]], mscorlib","$values":[{"$type":"Sitecore.Commerce.Plugin.Catalog.ItemVariationComponent, Sitecore.Commerce.Plugin.Catalog","DisplayName":"Black Diamond Alpine Bod (Black)","Description":"","Tags":{"$type":"System.Collections.Generic.List`1[[Sitecore.Commerce.Core.Tag, Sitecore.Commerce.Core]], mscorlib","$values":[]},"Disabled":false,"Id":"36","Name":"Black Diamond Alpine Bod (Black)","Comments":"","Policies":{"$type":"System.Collections.Generic.List`1[[Sitecore.Commerce.Core.Policy, Sitecore.Commerce.Core]], mscorlib","$values":[{"$type":"Sitecore.Commerce.Plugin.Pricing.ListPricingPolicy, Sitecore.Commerce.Plugin.Pricing","Prices":{"$type":"System.Collections.Generic.List`1[[Sitecore.Commerce.Core.Money, Sitecore.Commerce.Core]], mscorlib","$values":[{"$type":"Sitecore.Commerce.Core.Money, Sitecore.Commerce.Core","CurrencyCode":"USD","Amount":29.0000}]},"PolicyId":"ae1605d023b343fab7794adc42d0da44","Models":{"$type":"System.Collections.Generic.List`1[[Sitecore.Commerce.Core.Model, Sitecore.Commerce.Core]], mscorlib","$values":[]}}]},"ChildComponents":{"$type":"System.Collections.Generic.List`1[[Sitecore.Commerce.Core.Component, Sitecore.Commerce.Core]], mscorlib","$values":[{"$type":"Sitecore.Commerce.Plugin.Catalog.DisplayPropertiesComponent, Sitecore.Commerce.Plugin.Catalog","DisambiguatingDescription":"","DisplayOnSite":false,"DisplayInProductList":false,"Color":"Black","Size":"XS-XL","Style":"","Id":"8979ee34a6f74cd3b478ac3bf2ced1a5","Name":"","Comments":"","Policies":{"$type":"System.Collections.Generic.List`1[[Sitecore.Commerce.Core.Policy, Sitecore.Commerce.Core]], mscorlib","$values":[]},"ChildComponents":{"$type":"System.Collections.Generic.List`1[[Sitecore.Commerce.Core.Component, Sitecore.Commerce.Core]], mscorlib","$values":[]}},{"$type":"Sitecore.Commerce.Plugin.Inventory.InventoryComponent, Sitecore.Commerce.Plugin.Inventory","InventoryAssociations":{"$type":"System.Collections.Generic.List`1[[Sitecore.Commerce.Plugin.Inventory.InventoryAssociation, Sitecore.Commerce.Plugin.Inventory]], mscorlib","$values":[{"$type":"Sitecore.Commerce.Plugin.Inventory.InventoryAssociation, Sitecore.Commerce.Plugin.Inventory","InventoryInformation":{"$type":"Sitecore.Commerce.Core.EntityReference, Sitecore.Commerce.Core","Name":"","EntityTarget":"Entity-InventoryInformation-Adventure Works Inventory-AW029 10-36","EntityTargetUniqueId":"00000000-0000-0000-0000-000000000000","Policies":{"$type":"System.Collections.Generic.List`1[[Sitecore.Commerce.Core.Policy, Sitecore.Commerce.Core]], mscorlib","$values":[]}},"InventorySet":{"$type":"Sitecore.Commerce.Core.EntityReference, Sitecore.Commerce.Core","Name":"","EntityTarget":"Entity-InventorySet-Adventure Works Inventory","EntityTargetUniqueId":"00000000-0000-0000-0000-000000000000","Policies":{"$type":"System.Collections.Generic.List`1[[Sitecore.Commerce.Core.Policy, Sitecore.Commerce.Core]], mscorlib","$values":[]}},"Name":"","Policies":{"$type":"System.Collections.Generic.List`1[[Sitecore.Commerce.Core.Policy, Sitecore.Commerce.Core]], mscorlib","$values":[]}}]},"Id":"3546b01fdcaf4ac68a88e445f477c8de","Name":"","Comments":"","Policies":{"$type":"System.Collections.Generic.List`1[[Sitecore.Commerce.Core.Policy, Sitecore.Commerce.Core]], mscorlib","$values":[]},"ChildComponents":{"$type":"System.Collections.Generic.List`1[[Sitecore.Commerce.Core.Component, Sitecore.Commerce.Core]], mscorlib","$values":[]}}]}}]}}]},"DateCreated":"2019-05-16T14:09:29.7226097+00:00","DateUpdated":"2016-11-01T18:27:32+00:00","DisplayName":"Black Diamond Alpine Bod","FriendlyId":"AW029 10","Id":"Entity-SellableItem-AW029 10","Version":0,"EntityVersion":1,"Published":true,"IsPersisted":false,"Name":"Black Diamond Alpine Bod","UniqueId":"00000000-0000-0000-0000-000000000000","Policies":{"$type":"System.Collections.Generic.List`1[[Sitecore.Commerce.Core.Policy, Sitecore.Commerce.Core]], mscorlib","$values":[{"$type":"Sitecore.Commerce.Plugin.Pricing.ListPricingPolicy, Sitecore.Commerce.Plugin.Pricing","Prices":{"$type":"System.Collections.Generic.List`1[[Sitecore.Commerce.Core.Money, Sitecore.Commerce.Core]], mscorlib","$values":[{"$type":"Sitecore.Commerce.Core.Money, Sitecore.Commerce.Core","CurrencyCode":"USD","Amount":29.0000}]},"PolicyId":"e3ec3ff506db42d79d7e1ea06cf2a3e7","Models":{"$type":"System.Collections.Generic.List`1[[Sitecore.Commerce.Core.Model, Sitecore.Commerce.Core]], mscorlib","$values":[]}}]}},{"$type":"Sitecore.Commerce.Plugin.Catalog.SellableItem, Sitecore.Commerce.Plugin.Catalog","Description":"Medium-weight cotton, pre washed.","ProductId":"AW032 01","Brand":"Litware","Manufacturer":"","TypeOfGood":"","Tags":{"$type":"System.Collections.Generic.List`1[[Sitecore.Commerce.Core.Tag, Sitecore.Commerce.Core]], mscorlib","$values":[]},"SitecoreId":"c3ff35b2-03b2-606d-40da-f59e0f972190","ParentCatalogList":"6341f64d-8213-fdda-402e-df49207158a4","ParentCategoryList":"a1206896-a394-3c8f-a184-73aaf115660d","IsBundle":false,"Components":{"$type":"System.Collections.Generic.List`1[[Sitecore.Commerce.Core.Component, Sitecore.Commerce.Core]], mscorlib","$values":[{"$type":"Sitecore.Commerce.Plugin.Catalog.CatalogsComponent, Sitecore.Commerce.Plugin.Catalog","Id":"c3c498d826624277b8672785e043d86a","Name":"","Comments":"","Policies":{"$type":"System.Collections.Generic.List`1[[Sitecore.Commerce.Core.Policy, Sitecore.Commerce.Core]], mscorlib","$values":[]},"ChildComponents":{"$type":"System.Collections.Generic.List`1[[Sitecore.Commerce.Core.Component, Sitecore.Commerce.Core]], mscorlib","$values":[{"$type":"Sitecore.Commerce.Plugin.Catalog.CatalogComponent, Sitecore.Commerce.Plugin.Catalog","ItemDefinition":"Pants","Id":"53946c9442e34187b79c1c9ad4887465","Name":"Adventure Works Catalog","Comments":"","Policies":{"$type":"System.Collections.Generic.List`1[[Sitecore.Commerce.Core.Policy, Sitecore.Commerce.Core]], mscorlib","$values":[]},"ChildComponents":{"$type":"System.Collections.Generic.List`1[[Sitecore.Commerce.Core.Component, Sitecore.Commerce.Core]], mscorlib","$values":[]}}]}},{"$type":"Sitecore.Commerce.Core.MessagesComponent, Sitecore.Commerce.Core","Messages":{"$type":"System.Collections.Generic.List`1[[Sitecore.Commerce.Core.MessageModel, Sitecore.Commerce.Core]], mscorlib","$values":[{"$type":"Sitecore.Commerce.Core.MessageModel, Sitecore.Commerce.Core","Code":"MigrationMessage","Text":"Migrated from product with ProductId='AW032-01' in catalog 'Adventure Works Catalog'","Id":"64175f1d47a2485ebc60a684cac9ab9e"}]},"Id":"ea6abde94560468caf33287fedc82fc7","Name":"","Comments":"","Policies":{"$type":"System.Collections.Generic.List`1[[Sitecore.Commerce.Core.Policy, Sitecore.Commerce.Core]], mscorlib","$values":[]},"ChildComponents":{"$type":"System.Collections.Generic.List`1[[Sitecore.Commerce.Core.Component, Sitecore.Commerce.Core]], mscorlib","$values":[]}},{"$type":"Sitecore.Commerce.Plugin.Catalog.ImagesComponent, Sitecore.Commerce.Plugin.Catalog","Images":{"$type":"System.Collections.Generic.List`1[[System.String, mscorlib]], mscorlib","$values":["02b1816e-0e13-41a7-b449-ab455e375e6c","6c1ffa0f-0d27-4447-a9da-0e46d27107c9","835d6ef1-8982-4c98-ad4a-df79636f1af3"]},"Id":"d3a34f496d1d462a8ce206343c03ea5c","Name":"","Comments":"","Policies":{"$type":"System.Collections.Generic.List`1[[Sitecore.Commerce.Core.Policy, Sitecore.Commerce.Core]], mscorlib","$values":[]},"ChildComponents":{"$type":"System.Collections.Generic.List`1[[Sitecore.Commerce.Core.Component, Sitecore.Commerce.Core]], mscorlib","$values":[]}},{"$type":"Sitecore.Commerce.Plugin.Catalog.ItemVariationsComponent, Sitecore.Commerce.Plugin.Catalog","Id":"2b4c2c70dc344a829923e148fee10c75","Name":"","Comments":"","Policies":{"$type":"System.Collections.Generic.List`1[[Sitecore.Commerce.Core.Policy, Sitecore.Commerce.Core]], mscorlib","$values":[]},"ChildComponents":{"$type":"System.Collections.Generic.List`1[[Sitecore.Commerce.Core.Component, Sitecore.Commerce.Core]], mscorlib","$values":[{"$type":"Sitecore.Commerce.Plugin.Catalog.ItemVariationComponent, Sitecore.Commerce.Plugin.Catalog","DisplayName":"Women's 4 pocket pant. (Green, Size 2)","Description":"","Tags":{"$type":"System.Collections.Generic.List`1[[Sitecore.Commerce.Core.Tag, Sitecore.Commerce.Core]], mscorlib","$values":[]},"Disabled":false,"Id":"27","Name":"Women's 4 pocket pant. (Green, Size 2)","Comments":"","Policies":{"$type":"System.Collections.Generic.List`1[[Sitecore.Commerce.Core.Policy, Sitecore.Commerce.Core]], mscorlib","$values":[{"$type":"Sitecore.Commerce.Plugin.Pricing.ListPricingPolicy, Sitecore.Commerce.Plugin.Pricing","Prices":{"$type":"System.Collections.Generic.List`1[[Sitecore.Commerce.Core.Money, Sitecore.Commerce.Core]], mscorlib","$values":[{"$type":"Sitecore.Commerce.Core.Money, Sitecore.Commerce.Core","CurrencyCode":"USD","Amount":32.0000}]},"PolicyId":"daf84029c18847d9aeba341104501f58","Models":{"$type":"System.Collections.Generic.List`1[[Sitecore.Commerce.Core.Model, Sitecore.Commerce.Core]], mscorlib","$values":[]}},{"$type":"Sitecore.Commerce.Plugin.Pricing.PriceCardPolicy, Sitecore.Commerce.Plugin.Pricing","PriceCardName":"AdventureVariantsPriceCard","PolicyId":"40503e47e9f246a8bd3a05789f65775c","Models":{"$type":"System.Collections.Generic.List`1[[Sitecore.Commerce.Core.Model, Sitecore.Commerce.Core]], mscorlib","$values":[]}}]},"ChildComponents":{"$type":"System.Collections.Generic.List`1[[Sitecore.Commerce.Core.Component, Sitecore.Commerce.Core]], mscorlib","$values":[{"$type":"Sitecore.Commerce.Plugin.Catalog.DisplayPropertiesComponent, Sitecore.Commerce.Plugin.Catalog","DisambiguatingDescription":"","DisplayOnSite":false,"DisplayInProductList":false,"Color":"Green","Size":"2","Style":"","Id":"c0df8d077e4d497892326284b782a422","Name":"","Comments":"","Policies":{"$type":"System.Collections.Generic.List`1[[Sitecore.Commerce.Core.Policy, Sitecore.Commerce.Core]], mscorlib","$values":[]},"ChildComponents":{"$type":"System.Collections.Generic.List`1[[Sitecore.Commerce.Core.Component, Sitecore.Commerce.Core]], mscorlib","$values":[]}},{"$type":"Sitecore.Commerce.Plugin.Inventory.InventoryComponent, Sitecore.Commerce.Plugin.Inventory","InventoryAssociations":{"$type":"System.Collections.Generic.List`1[[Sitecore.Commerce.Plugin.Inventory.InventoryAssociation, Sitecore.Commerce.Plugin.Inventory]], mscorlib","$values":[{"$type":"Sitecore.Commerce.Plugin.Inventory.InventoryAssociation, Sitecore.Commerce.Plugin.Inventory","InventoryInformation":{"$type":"Sitecore.Commerce.Core.EntityReference, Sitecore.Commerce.Core","Name":"","EntityTarget":"Entity-InventoryInformation-Adventure Works Inventory-AW032 01-27","EntityTargetUniqueId":"00000000-0000-0000-0000-000000000000","Policies":{"$type":"System.Collections.Generic.List`1[[Sitecore.Commerce.Core.Policy, Sitecore.Commerce.Core]], mscorlib","$values":[]}},"InventorySet":{"$type":"Sitecore.Commerce.Core.EntityReference, Sitecore.Commerce.Core","Name":"","EntityTarget":"Entity-InventorySet-Adventure Works Inventory","EntityTargetUniqueId":"00000000-0000-0000-0000-000000000000","Policies":{"$type":"System.Collections.Generic.List`1[[Sitecore.Commerce.Core.Policy, Sitecore.Commerce.Core]], mscorlib","$values":[]}},"Name":"","Policies":{"$type":"System.Collections.Generic.List`1[[Sitecore.Commerce.Core.Policy, Sitecore.Commerce.Core]], mscorlib","$values":[]}}]},"Id":"615826b7523240f89fd9b6e9ee2bb79e","Name":"","Comments":"","Policies":{"$type":"System.Collections.Generic.List`1[[Sitecore.Commerce.Core.Policy, Sitecore.Commerce.Core]], mscorlib","$values":[]},"ChildComponents":{"$type":"System.Collections.Generic.List`1[[Sitecore.Commerce.Core.Component, Sitecore.Commerce.Core]], mscorlib","$values":[]}}]}},{"$type":"Sitecore.Commerce.Plugin.Catalog.ItemVariationComponent, Sitecore.Commerce.Plugin.Catalog","DisplayName":"Women's 4 pocket pant. (Beige, Size 2)","Description":"","Tags":{"$type":"System.Collections.Generic.List`1[[Sitecore.Commerce.Core.Tag, Sitecore.Commerce.Core]], mscorlib","$values":[]},"Disabled":false,"Id":"28","Name":"Women's 4 pocket pant. (Beige, Size 2)","Comments":"","Policies":{"$type":"System.Collections.Generic.List`1[[Sitecore.Commerce.Core.Policy, Sitecore.Commerce.Core]], mscorlib","$values":[{"$type":"Sitecore.Commerce.Plugin.Pricing.ListPricingPolicy, Sitecore.Commerce.Plugin.Pricing","Prices":{"$type":"System.Collections.Generic.List`1[[Sitecore.Commerce.Core.Money, Sitecore.Commerce.Core]], mscorlib","$values":[{"$type":"Sitecore.Commerce.Core.Money, Sitecore.Commerce.Core","CurrencyCode":"USD","Amount":32.0000}]},"PolicyId":"41740885ded84a9384b26d88f2659d8b","Models":{"$type":"System.Collections.Generic.List`1[[Sitecore.Commerce.Core.Model, Sitecore.Commerce.Core]], mscorlib","$values":[]}}]},"ChildComponents":{"$type":"System.Collections.Generic.List`1[[Sitecore.Commerce.Core.Component, Sitecore.Commerce.Core]], mscorlib","$values":[{"$type":"Sitecore.Commerce.Plugin.Catalog.DisplayPropertiesComponent, Sitecore.Commerce.Plugin.Catalog","DisambiguatingDescription":"","DisplayOnSite":false,"DisplayInProductList":false,"Color":"Beige","Size":"2","Style":"","Id":"f96da0b91c9f473da44e1cfa3e14ed5c","Name":"","Comments":"","Policies":{"$type":"System.Collections.Generic.List`1[[Sitecore.Commerce.Core.Policy, Sitecore.Commerce.Core]], mscorlib","$values":[]},"ChildComponents":{"$type":"System.Collections.Generic.List`1[[Sitecore.Commerce.Core.Component, Sitecore.Commerce.Core]], mscorlib","$values":[]}},{"$type":"Sitecore.Commerce.Plugin.Inventory.InventoryComponent, Sitecore.Commerce.Plugin.Inventory","InventoryAssociations":{"$type":"System.Collections.Generic.List`1[[Sitecore.Commerce.Plugin.Inventory.InventoryAssociation, Sitecore.Commerce.Plugin.Inventory]], mscorlib","$values":[{"$type":"Sitecore.Commerce.Plugin.Inventory.InventoryAssociation, Sitecore.Commerce.Plugin.Inventory","InventoryInformation":{"$type":"Sitecore.Commerce.Core.EntityReference, Sitecore.Commerce.Core","Name":"","EntityTarget":"Entity-InventoryInformation-Adventure Works Inventory-AW032 01-28","EntityTargetUniqueId":"00000000-0000-0000-0000-000000000000","Policies":{"$type":"System.Collections.Generic.List`1[[Sitecore.Commerce.Core.Policy, Sitecore.Commerce.Core]], mscorlib","$values":[]}},"InventorySet":{"$type":"Sitecore.Commerce.Core.EntityReference, Sitecore.Commerce.Core","Name":"","EntityTarget":"Entity-InventorySet-Adventure Works Inventory","EntityTargetUniqueId":"00000000-0000-0000-0000-000000000000","Policies":{"$type":"System.Collections.Generic.List`1[[Sitecore.Commerce.Core.Policy, Sitecore.Commerce.Core]], mscorlib","$values":[]}},"Name":"","Policies":{"$type":"System.Collections.Generic.List`1[[Sitecore.Commerce.Core.Policy, Sitecore.Commerce.Core]], mscorlib","$values":[]}}]},"Id":"cdd51adb3e594bdbb54f0dd3f4254525","Name":"","Comments":"","Policies":{"$type":"System.Collections.Generic.List`1[[Sitecore.Commerce.Core.Policy, Sitecore.Commerce.Core]], mscorlib","$values":[]},"ChildComponents":{"$type":"System.Collections.Generic.List`1[[Sitecore.Commerce.Core.Component, Sitecore.Commerce.Core]], mscorlib","$values":[]}}]}},{"$type":"Sitecore.Commerce.Plugin.Catalog.ItemVariationComponent, Sitecore.Commerce.Plugin.Catalog","DisplayName":"Women's 4 pocket pant. (Green, Size 16)","Description":"","Tags":{"$type":"System.Collections.Generic.List`1[[Sitecore.Commerce.Core.Tag, Sitecore.Commerce.Core]], mscorlib","$values":[]},"Disabled":false,"Id":"37","Name":"Women's 4 pocket pant. (Green, Size 16)","Comments":"","Policies":{"$type":"System.Collections.Generic.List`1[[Sitecore.Commerce.Core.Policy, Sitecore.Commerce.Core]], mscorlib","$values":[{"$type":"Sitecore.Commerce.Plugin.Pricing.ListPricingPolicy, Sitecore.Commerce.Plugin.Pricing","Prices":{"$type":"System.Collections.Generic.List`1[[Sitecore.Commerce.Core.Money, Sitecore.Commerce.Core]], mscorlib","$values":[{"$type":"Sitecore.Commerce.Core.Money, Sitecore.Commerce.Core","CurrencyCode":"USD","Amount":32.0000}]},"PolicyId":"4503d9a2465c451baf4be6ff5f3886e9","Models":{"$type":"System.Collections.Generic.List`1[[Sitecore.Commerce.Core.Model, Sitecore.Commerce.Core]], mscorlib","$values":[]}}]},"ChildComponents":{"$type":"System.Collections.Generic.List`1[[Sitecore.Commerce.Core.Component, Sitecore.Commerce.Core]], mscorlib","$values":[{"$type":"Sitecore.Commerce.Plugin.Catalog.DisplayPropertiesComponent, Sitecore.Commerce.Plugin.Catalog","DisambiguatingDescription":"","DisplayOnSite":false,"DisplayInProductList":false,"Color":"Green","Size":"16","Style":"","Id":"9f7c78a9c5cb4d32afe46d913714adad","Name":"","Comments":"","Policies":{"$type":"System.Collections.Generic.List`1[[Sitecore.Commerce.Core.Policy, Sitecore.Commerce.Core]], mscorlib","$values":[]},"ChildComponents":{"$type":"System.Collections.Generic.List`1[[Sitecore.Commerce.Core.Component, Sitecore.Commerce.Core]], mscorlib","$values":[]}},{"$type":"Sitecore.Commerce.Plugin.Inventory.InventoryComponent, Sitecore.Commerce.Plugin.Inventory","InventoryAssociations":{"$type":"System.Collections.Generic.List`1[[Sitecore.Commerce.Plugin.Inventory.InventoryAssociation, Sitecore.Commerce.Plugin.Inventory]], mscorlib","$values":[{"$type":"Sitecore.Commerce.Plugin.Inventory.InventoryAssociation, Sitecore.Commerce.Plugin.Inventory","InventoryInformation":{"$type":"Sitecore.Commerce.Core.EntityReference, Sitecore.Commerce.Core","Name":"","EntityTarget":"Entity-InventoryInformation-Adventure Works Inventory-AW032 01-37","EntityTargetUniqueId":"00000000-0000-0000-0000-000000000000","Policies":{"$type":"System.Collections.Generic.List`1[[Sitecore.Commerce.Core.Policy, Sitecore.Commerce.Core]], mscorlib","$values":[]}},"InventorySet":{"$type":"Sitecore.Commerce.Core.EntityReference, Sitecore.Commerce.Core","Name":"","EntityTarget":"Entity-InventorySet-Adventure Works Inventory","EntityTargetUniqueId":"00000000-0000-0000-0000-000000000000","Policies":{"$type":"System.Collections.Generic.List`1[[Sitecore.Commerce.Core.Policy, Sitecore.Commerce.Core]], mscorlib","$values":[]}},"Name":"","Policies":{"$type":"System.Collections.Generic.List`1[[Sitecore.Commerce.Core.Policy, Sitecore.Commerce.Core]], mscorlib","$values":[]}}]},"Id":"a5b8295724b94db19bad9ba167c1eaf4","Name":"","Comments":"","Policies":{"$type":"System.Collections.Generic.List`1[[Sitecore.Commerce.Core.Policy, Sitecore.Commerce.Core]], mscorlib","$values":[]},"ChildComponents":{"$type":"System.Collections.Generic.List`1[[Sitecore.Commerce.Core.Component, Sitecore.Commerce.Core]], mscorlib","$values":[]}}]}},{"$type":"Sitecore.Commerce.Plugin.Catalog.ItemVariationComponent, Sitecore.Commerce.Plugin.Catalog","DisplayName":"Women's 4 pocket pant. (Beige, Size 16)","Description":"","Tags":{"$type":"System.Collections.Generic.List`1[[Sitecore.Commerce.Core.Tag, Sitecore.Commerce.Core]], mscorlib","$values":[]},"Disabled":false,"Id":"38","Name":"Women's 4 pocket pant. (Beige, Size 16)","Comments":"","Policies":{"$type":"System.Collections.Generic.List`1[[Sitecore.Commerce.Core.Policy, Sitecore.Commerce.Core]], mscorlib","$values":[{"$type":"Sitecore.Commerce.Plugin.Pricing.ListPricingPolicy, Sitecore.Commerce.Plugin.Pricing","Prices":{"$type":"System.Collections.Generic.List`1[[Sitecore.Commerce.Core.Money, Sitecore.Commerce.Core]], mscorlib","$values":[{"$type":"Sitecore.Commerce.Core.Money, Sitecore.Commerce.Core","CurrencyCode":"USD","Amount":32.0000}]},"PolicyId":"0e768c52a3d54c4b8442ab855a91b09c","Models":{"$type":"System.Collections.Generic.List`1[[Sitecore.Commerce.Core.Model, Sitecore.Commerce.Core]], mscorlib","$values":[]}}]},"ChildComponents":{"$type":"System.Collections.Generic.List`1[[Sitecore.Commerce.Core.Component, Sitecore.Commerce.Core]], mscorlib","$values":[{"$type":"Sitecore.Commerce.Plugin.Catalog.DisplayPropertiesComponent, Sitecore.Commerce.Plugin.Catalog","DisambiguatingDescription":"","DisplayOnSite":false,"DisplayInProductList":false,"Color":"Beige","Size":"16","Style":"","Id":"9345a186168e4423a211b5d7374d05b9","Name":"","Comments":"","Policies":{"$type":"System.Collections.Generic.List`1[[Sitecore.Commerce.Core.Policy, Sitecore.Commerce.Core]], mscorlib","$values":[]},"ChildComponents":{"$type":"System.Collections.Generic.List`1[[Sitecore.Commerce.Core.Component, Sitecore.Commerce.Core]], mscorlib","$values":[]}},{"$type":"Sitecore.Commerce.Plugin.Inventory.InventoryComponent, Sitecore.Commerce.Plugin.Inventory","InventoryAssociations":{"$type":"System.Collections.Generic.List`1[[Sitecore.Commerce.Plugin.Inventory.InventoryAssociation, Sitecore.Commerce.Plugin.Inventory]], mscorlib","$values":[{"$type":"Sitecore.Commerce.Plugin.Inventory.InventoryAssociation, Sitecore.Commerce.Plugin.Inventory","InventoryInformation":{"$type":"Sitecore.Commerce.Core.EntityReference, Sitecore.Commerce.Core","Name":"","EntityTarget":"Entity-InventoryInformation-Adventure Works Inventory-AW032 01-38","EntityTargetUniqueId":"00000000-0000-0000-0000-000000000000","Policies":{"$type":"System.Collections.Generic.List`1[[Sitecore.Commerce.Core.Policy, Sitecore.Commerce.Core]], mscorlib","$values":[]}},"InventorySet":{"$type":"Sitecore.Commerce.Core.EntityReference, Sitecore.Commerce.Core","Name":"","EntityTarget":"Entity-InventorySet-Adventure Works Inventory","EntityTargetUniqueId":"00000000-0000-0000-0000-000000000000","Policies":{"$type":"System.Collections.Generic.List`1[[Sitecore.Commerce.Core.Policy, Sitecore.Commerce.Core]], mscorlib","$values":[]}},"Name":"","Policies":{"$type":"System.Collections.Generic.List`1[[Sitecore.Commerce.Core.Policy, Sitecore.Commerce.Core]], mscorlib","$values":[]}}]},"Id":"4ed40c28e28648e693a8c5918198094a","Name":"","Comments":"","Policies":{"$type":"System.Collections.Generic.List`1[[Sitecore.Commerce.Core.Policy, Sitecore.Commerce.Core]], mscorlib","$values":[]},"ChildComponents":{"$type":"System.Collections.Generic.List`1[[Sitecore.Commerce.Core.Component, Sitecore.Commerce.Core]], mscorlib","$values":[]}}]}}]}}]},"DateCreated":"2019-05-16T14:09:29.7236052+00:00","DateUpdated":"2016-11-21T17:54:11+00:00","DisplayName":"Women's 4 pocket pant.","FriendlyId":"AW032 01","Id":"Entity-SellableItem-AW032 01","Version":0,"EntityVersion":1,"Published":true,"IsPersisted":false,"Name":"Women's 4 pocket pant.","UniqueId":"00000000-0000-0000-0000-000000000000","Policies":{"$type":"System.Collections.Generic.List`1[[Sitecore.Commerce.Core.Policy, Sitecore.Commerce.Core]], mscorlib","$values":[{"$type":"Sitecore.Commerce.Plugin.Pricing.ListPricingPolicy, Sitecore.Commerce.Plugin.Pricing","Prices":{"$type":"System.Collections.Generic.List`1[[Sitecore.Commerce.Core.Money, Sitecore.Commerce.Core]], mscorlib","$values":[{"$type":"Sitecore.Commerce.Core.Money, Sitecore.Commerce.Core","CurrencyCode":"USD","Amount":32.0000}]},"PolicyId":"c87525a2e1f74a22bffa3f659b3edde8","Models":{"$type":"System.Collections.Generic.List`1[[Sitecore.Commerce.Core.Model, Sitecore.Commerce.Core]], mscorlib","$values":[]}}]}},{"$type":"Sitecore.Commerce.Plugin.Catalog.SellableItem, Sitecore.Commerce.Plugin.Catalog","Description":"Multipurpose, padded waist, adjustable droppable leg loops, gear racking, padded waist, adjustable.","ProductId":"AW032 10","Brand":"","Manufacturer":"","TypeOfGood":"","Tags":{"$type":"System.Collections.Generic.List`1[[Sitecore.Commerce.Core.Tag, Sitecore.Commerce.Core]], mscorlib","$values":[]},"SitecoreId":"0414046c-50d4-3362-dd04-7e48fc417ade","ParentCatalogList":"6341f64d-8213-fdda-402e-df49207158a4","ParentCategoryList":"f3ffa386-927e-19ac-0c6a-cbca545710ec|5c0ea015-965c-a355-467f-f0417ab86bf6","IsBundle":false,"Components":{"$type":"System.Collections.Generic.List`1[[Sitecore.Commerce.Core.Component, Sitecore.Commerce.Core]], mscorlib","$values":[{"$type":"Sitecore.Commerce.Plugin.Catalog.CatalogsComponent, Sitecore.Commerce.Plugin.Catalog","Id":"3ef89335bf1244dcaca432b9f7f5a0f8","Name":"","Comments":"","Policies":{"$type":"System.Collections.Generic.List`1[[Sitecore.Commerce.Core.Policy, Sitecore.Commerce.Core]], mscorlib","$values":[]},"ChildComponents":{"$type":"System.Collections.Generic.List`1[[Sitecore.Commerce.Core.Component, Sitecore.Commerce.Core]], mscorlib","$values":[{"$type":"Sitecore.Commerce.Plugin.Catalog.CatalogComponent, Sitecore.Commerce.Plugin.Catalog","ItemDefinition":"Harness","Id":"066dfe6dfe914a5e92c582614600da14","Name":"Adventure Works Catalog","Comments":"","Policies":{"$type":"System.Collections.Generic.List`1[[Sitecore.Commerce.Core.Policy, Sitecore.Commerce.Core]], mscorlib","$values":[]},"ChildComponents":{"$type":"System.Collections.Generic.List`1[[Sitecore.Commerce.Core.Component, Sitecore.Commerce.Core]], mscorlib","$values":[]}}]}},{"$type":"Sitecore.Commerce.Core.MessagesComponent, Sitecore.Commerce.Core","Messages":{"$type":"System.Collections.Generic.List`1[[Sitecore.Commerce.Core.MessageModel, Sitecore.Commerce.Core]], mscorlib","$values":[{"$type":"Sitecore.Commerce.Core.MessageModel, Sitecore.Commerce.Core","Code":"MigrationMessage","Text":"Migrated from product with ProductId='AW032-10' in catalog 'Adventure Works Catalog'","Id":"ce01704c239b4b788ae6d1640cb0f297"}]},"Id":"393b53d933fd4d7891c373ed5b130e67","Name":"","Comments":"","Policies":{"$type":"System.Collections.Generic.List`1[[Sitecore.Commerce.Core.Policy, Sitecore.Commerce.Core]], mscorlib","$values":[]},"ChildComponents":{"$type":"System.Collections.Generic.List`1[[Sitecore.Commerce.Core.Component, Sitecore.Commerce.Core]], mscorlib","$values":[]}},{"$type":"Sitecore.Commerce.Plugin.Catalog.ImagesComponent, Sitecore.Commerce.Plugin.Catalog","Images":{"$type":"System.Collections.Generic.List`1[[System.String, mscorlib]], mscorlib","$values":["363b3d22-ad02-4a3e-9cab-6d6d5bf33720","a6ac1c1a-80ee-4e43-b5c0-a1f2344163f2"]},"Id":"b2c8271125a447ed973538fd5a7ea8cc","Name":"","Comments":"","Policies":{"$type":"System.Collections.Generic.List`1[[Sitecore.Commerce.Core.Policy, Sitecore.Commerce.Core]], mscorlib","$values":[]},"ChildComponents":{"$type":"System.Collections.Generic.List`1[[Sitecore.Commerce.Core.Component, Sitecore.Commerce.Core]], mscorlib","$values":[]}},{"$type":"Sitecore.Commerce.Plugin.Catalog.ItemVariationsComponent, Sitecore.Commerce.Plugin.Catalog","Id":"64c163bd5e584cf7875e1ecc94a58fab","Name":"","Comments":"","Policies":{"$type":"System.Collections.Generic.List`1[[Sitecore.Commerce.Core.Policy, Sitecore.Commerce.Core]], mscorlib","$values":[]},"ChildComponents":{"$type":"System.Collections.Generic.List`1[[Sitecore.Commerce.Core.Component, Sitecore.Commerce.Core]], mscorlib","$values":[{"$type":"Sitecore.Commerce.Plugin.Catalog.ItemVariationComponent, Sitecore.Commerce.Plugin.Catalog","DisplayName":"Black Diamond Bod (Assorted colors)","Description":"","Tags":{"$type":"System.Collections.Generic.List`1[[Sitecore.Commerce.Core.Tag, Sitecore.Commerce.Core]], mscorlib","$values":[]},"Disabled":false,"Id":"35","Name":"Black Diamond Bod (Assorted colors)","Comments":"","Policies":{"$type":"System.Collections.Generic.List`1[[Sitecore.Commerce.Core.Policy, Sitecore.Commerce.Core]], mscorlib","$values":[{"$type":"Sitecore.Commerce.Plugin.Pricing.ListPricingPolicy, Sitecore.Commerce.Plugin.Pricing","Prices":{"$type":"System.Collections.Generic.List`1[[Sitecore.Commerce.Core.Money, Sitecore.Commerce.Core]], mscorlib","$values":[{"$type":"Sitecore.Commerce.Core.Money, Sitecore.Commerce.Core","CurrencyCode":"USD","Amount":32.0000}]},"PolicyId":"fa4417de2c6149ccb9a4e864d8484f4f","Models":{"$type":"System.Collections.Generic.List`1[[Sitecore.Commerce.Core.Model, Sitecore.Commerce.Core]], mscorlib","$values":[]}}]},"ChildComponents":{"$type":"System.Collections.Generic.List`1[[Sitecore.Commerce.Core.Component, Sitecore.Commerce.Core]], mscorlib","$values":[{"$type":"Sitecore.Commerce.Plugin.Catalog.DisplayPropertiesComponent, Sitecore.Commerce.Plugin.Catalog","DisambiguatingDescription":"","DisplayOnSite":false,"DisplayInProductList":false,"Color":"Assorted colors","Size":"XS-XL","Style":"","Id":"b604289c86e9435a80c2d13f79d3554b","Name":"","Comments":"","Policies":{"$type":"System.Collections.Generic.List`1[[Sitecore.Commerce.Core.Policy, Sitecore.Commerce.Core]], mscorlib","$values":[]},"ChildComponents":{"$type":"System.Collections.Generic.List`1[[Sitecore.Commerce.Core.Component, Sitecore.Commerce.Core]], mscorlib","$values":[]}},{"$type":"Sitecore.Commerce.Plugin.Inventory.InventoryComponent, Sitecore.Commerce.Plugin.Inventory","InventoryAssociations":{"$type":"System.Collections.Generic.List`1[[Sitecore.Commerce.Plugin.Inventory.InventoryAssociation, Sitecore.Commerce.Plugin.Inventory]], mscorlib","$values":[{"$type":"Sitecore.Commerce.Plugin.Inventory.InventoryAssociation, Sitecore.Commerce.Plugin.Inventory","InventoryInformation":{"$type":"Sitecore.Commerce.Core.EntityReference, Sitecore.Commerce.Core","Name":"","EntityTarget":"Entity-InventoryInformation-Adventure Works Inventory-AW032 10-35","EntityTargetUniqueId":"00000000-0000-0000-0000-000000000000","Policies":{"$type":"System.Collections.Generic.List`1[[Sitecore.Commerce.Core.Policy, Sitecore.Commerce.Core]], mscorlib","$values":[]}},"InventorySet":{"$type":"Sitecore.Commerce.Core.EntityReference, Sitecore.Commerce.Core","Name":"","EntityTarget":"Entity-InventorySet-Adventure Works Inventory","EntityTargetUniqueId":"00000000-0000-0000-0000-000000000000","Policies":{"$type":"System.Collections.Generic.List`1[[Sitecore.Commerce.Core.Policy, Sitecore.Commerce.Core]], mscorlib","$values":[]}},"Name":"","Policies":{"$type":"System.Collections.Generic.List`1[[Sitecore.Commerce.Core.Policy, Sitecore.Commerce.Core]], mscorlib","$values":[]}}]},"Id":"64af422245494616a728a5ae52ef5667","Name":"","Comments":"","Policies":{"$type":"System.Collections.Generic.List`1[[Sitecore.Commerce.Core.Policy, Sitecore.Commerce.Core]], mscorlib","$values":[]},"ChildComponents":{"$type":"System.Collections.Generic.List`1[[Sitecore.Commerce.Core.Component, Sitecore.Commerce.Core]], mscorlib","$values":[]}}]}}]}}]},"DateCreated":"2019-05-16T14:09:29.7246052+00:00","DateUpdated":"2016-11-01T18:27:32+00:00","DisplayName":"Black Diamond Bod","FriendlyId":"AW032 10","Id":"Entity-SellableItem-AW032 10","Version":0,"EntityVersion":1,"Published":true,"IsPersisted":false,"Name":"Black Diamond Bod","UniqueId":"00000000-0000-0000-0000-000000000000","Policies":{"$type":"System.Collections.Generic.List`1[[Sitecore.Commerce.Core.Policy, Sitecore.Commerce.Core]], mscorlib","$values":[{"$type":"Sitecore.Commerce.Plugin.Pricing.ListPricingPolicy, Sitecore.Commerce.Plugin.Pricing","Prices":{"$type":"System.Collections.Generic.List`1[[Sitecore.Commerce.Core.Money, Sitecore.Commerce.Core]], mscorlib","$values":[{"$type":"Sitecore.Commerce.Core.Money, Sitecore.Commerce.Core","CurrencyCode":"USD","Amount":32.0000}]},"PolicyId":"bf07b543f4fa4b78bf8572a6196e5dda","Models":{"$type":"System.Collections.Generic.List`1[[Sitecore.Commerce.Core.Model, Sitecore.Commerce.Core]], mscorlib","$values":[]}}]}}]}